selection_rule,selection_rule_description,score,validation_sharpe_quantile,validation_sharpe_quantile_level,validation_turnover_median,validation_max_drawdown_median,retention_ratio_median,generalization_ratio_median,n_runs_in_score,n_folds_in_score,n_seeds_in_score,validation_sharpe_median,test_sharpe_median,test_return_pct_median,test_max_drawdown_median,test_turnover_median,seed_count,run_count,feature_set,feature_family,is_negative_control,feature_set_description,fold_id,selected_by_rule
sharpe_only,Baseline rule: median validation Sharpe only.,2.4779551328759517,2.4779551328759517,0.5,12.419354838709678,-0.04003440070010733,0.8688245096799652,3.088208930226164,3,1,3,2.4779551328759517,1.829863990551387,7.9249281083046075,-0.06461808852448458,12.565573770491802,3,3,base_macro_sector_relative_context,sector_relative_context,False,Macro baseline plus causal sector-relative return context features.,fold_01,True
robust_q25,25th percentile validation Sharpe with turnover and drawdown penalties.,1.591009836288397,2.2920463796240957,0.25,12.419354838709678,-0.04003440070010733,0.8688245096799652,3.088208930226164,3,1,3,2.4779551328759517,1.829863990551387,7.9249281083046075,-0.06461808852448458,12.565573770491802,3,3,base_macro_sector_relative_context,sector_relative_context,False,Macro baseline plus causal sector-relative return context features.,fold_01,True
robust_q25_retention,25th percentile validation Sharpe with retention/generalization uplift and turnover/max-drawdown penalties.,2.2714473032423133,2.2920463796240957,0.25,12.419354838709678,-0.04003440070010733,0.8688245096799652,3.088208930226164,3,1,3,2.4779551328759517,1.829863990551387,7.9249281083046075,-0.06461808852448458,12.565573770491802,3,3,base_macro_sector_relative_context,sector_relative_context,False,Macro baseline plus causal sector-relative return context features.,fold_01,True
sharpe_only,Baseline rule: median validation Sharpe only.,0.28842586234240647,0.28842586234240647,0.5,14.4296875,-0.039663251012536316,1.0259227285728043,0.2762789569723822,3,1,3,0.28842586234240647,0.47276580203478774,0.9670139987396631,-0.032735406416668944,14.452380952380953,3,3,base_macro_sector_relative_context,sector_relative_context,False,Macro baseline plus causal sector-relative return context features.,fold_02,True
robust_q25,25th percentile validation Sharpe with turnover and drawdown penalties.,-0.5434043791336796,0.25740649789139314,0.25,14.4296875,-0.039663251012536316,1.0259227285728043,0.2762789569723822,3,1,3,0.28842586234240647,0.47276580203478774,0.9670139987396631,-0.032735406416668944,14.452380952380953,3,3,base_macro_sector_relative_context,sector_relative_context,False,Macro baseline plus causal sector-relative return context features.,fold_02,True
robust_q25_retention,25th percentile validation Sharpe with retention/generalization uplift and turnover/max-drawdown penalties.,-0.24548185344462115,0.25740649789139314,0.25,14.4296875,-0.039663251012536316,1.0259227285728043,0.2762789569723822,3,1,3,0.28842586234240647,0.47276580203478774,0.9670139987396631,-0.032735406416668944,14.452380952380953,3,3,base_macro_sector_relative_context,sector_relative_context,False,Macro baseline plus causal sector-relative return context features.,fold_02,True
sharpe_only,Baseline rule: median validation Sharpe only.,4.494382953229773,4.494382953229773,0.5,19.758064516129032,-0.023125104429875254,0.40842106677602874,6.514133323734876,3,1,3,4.494382953229773,1.8356006802581024,3.59478154929167,-0.04043728351222031,21.24590163934426,3,3,base_macro_sector_relative_context,sector_relative_context,False,Macro baseline plus causal sector-relative return context features.,fold_03,True
robust_q25,25th percentile validation Sharpe with turnover and drawdown penalties.,3.3986092735665987,4.432762708232801,0.25,19.758064516129032,-0.023125104429875254,0.40842106677602874,6.514133323734876,3,1,3,4.494382953229773,1.8356006802581024,3.59478154929167,-0.04043728351222031,21.24590163934426,3,3,base_macro_sector_relative_context,sector_relative_context,False,Macro baseline plus causal sector-relative return context features.,fold_03,True
robust_q25_retention,25th percentile validation Sharpe with retention/generalization uplift and turnover/max-drawdown penalties.,4.477834538820837,4.432762708232801,0.25,19.758064516129032,-0.023125104429875254,0.40842106677602874,6.514133323734876,3,1,3,4.494382953229773,1.8356006802581024,3.59478154929167,-0.04043728351222031,21.24590163934426,3,3,base_macro_sector_relative_context,sector_relative_context,False,Macro baseline plus causal sector-relative return context features.,fold_03,True
sharpe_only,Baseline rule: median validation Sharpe only.,3.950848084648304,3.950848084648304,0.5,11.904761904761905,-0.02182104292533038,0.9053778032768052,3.9042936509869515,3,1,3,3.950848084648304,3.5267405529090494,7.667965367819796,-0.014597384268296265,11.904761904761905,3,3,base_macro_sector_relative_context,sector_relative_context,False,Macro baseline plus causal sector-relative return context features.,fold_04,True
robust_q25,25th percentile validation Sharpe with turnover and drawdown penalties.,3.284206229445015,3.923086410533771,0.25,11.904761904761905,-0.02182104292533038,0.9053778032768052,3.9042936509869515,3,1,3,3.950848084648304,3.5267405529090494,7.667965367819796,-0.014597384268296265,11.904761904761905,3,3,base_macro_sector_relative_context,sector_relative_context,False,Macro baseline plus causal sector-relative return context features.,fold_04,True
robust_q25_retention,25th percentile validation Sharpe with retention/generalization uplift and turnover/max-drawdown penalties.,4.09619472791226,3.923086410533771,0.25,11.904761904761905,-0.02182104292533038,0.9053778032768052,3.9042936509869515,3,1,3,3.950848084648304,3.5267405529090494,7.667965367819796,-0.014597384268296265,11.904761904761905,3,3,base_macro_sector_relative_context,sector_relative_context,False,Macro baseline plus causal sector-relative return context features.,fold_04,True
sharpe_only,Baseline rule: median validation Sharpe only.,5.689847303243265,5.689847303243265,0.5,12.419354838709678,-0.008625964415218013,-0.11256370945950032,6.273130931302456,3,1,3,5.689847303243265,-0.6404703187111963,-4.23456569572066,-0.10594472150531486,13.683333333333334,3,3,base_macro_sector_relative_context,sector_relative_context,False,Macro baseline plus causal sector-relative return context features.,fold_05,True
robust_q25,25th percentile validation Sharpe with turnover and drawdown penalties.,5.042392262822993,5.680611933588913,0.25,12.419354838709678,-0.008625964415218013,-0.11256370945950032,6.273130931302456,3,1,3,5.689847303243265,-0.6404703187111963,-4.23456569572066,-0.10594472150531486,13.683333333333334,3,3,base_macro_sector_relative_context,sector_relative_context,False,Macro baseline plus causal sector-relative return context features.,fold_05,True
robust_q25_retention,25th percentile validation Sharpe with retention/generalization uplift and turnover/max-drawdown penalties.,5.955220975153486,5.680611933588913,0.25,12.419354838709678,-0.008625964415218013,-0.11256370945950032,6.273130931302456,3,1,3,5.689847303243265,-0.6404703187111963,-4.23456569572066,-0.10594472150531486,13.683333333333334,3,3,base_macro_sector_relative_context,sector_relative_context,False,Macro baseline plus causal sector-relative return context features.,fold_05,True
sharpe_only,Baseline rule: median validation Sharpe only.,1.3084480901369608,1.3084480901369608,0.5,10.317460317460318,-0.05412918377618292,3.4409890732491526,1.1904893641285883,3,1,3,1.3084480901369608,4.492996126176173,10.011883493470775,-0.019949755112145806,10.317460317460318,3,3,base_macro_sector_relative_context,sector_relative_context,False,Macro baseline plus causal sector-relative return context features.,fold_06,True
robust_q25,25th percentile validation Sharpe with turnover and drawdown penalties.,0.5650005297852597,1.1891319132106415,0.25,10.317460317460318,-0.05412918377618292,3.4409890732491526,1.1904893641285883,3,1,3,1.3084480901369608,4.492996126176173,10.011883493470775,-0.019949755112145806,10.317460317460318,3,3,base_macro_sector_relative_context,sector_relative_context,False,Macro baseline plus causal sector-relative return context features.,fold_06,True
robust_q25_retention,25th percentile validation Sharpe with retention/generalization uplift and turnover/max-drawdown penalties.,1.6038212027168364,1.1891319132106415,0.25,10.317460317460318,-0.05412918377618292,3.4409890732491526,1.1904893641285883,3,1,3,1.3084480901369608,4.492996126176173,10.011883493470775,-0.019949755112145806,10.317460317460318,3,3,base_macro_sector_relative_context,sector_relative_context,False,Macro baseline plus causal sector-relative return context features.,fold_06,True
sharpe_only,Baseline rule: median validation Sharpe only.,-1.731187651366715,-1.731187651366715,0.5,13.729508196721312,-0.16341156997678996,-2.5251861475313775,-1.8792515633881328,3,1,3,-1.731187651366715,4.228756410316475,11.804482538003125,-0.026010947412353103,13.950819672131148,3,3,base_macro_sector_relative_context,sector_relative_context,False,Macro baseline plus causal sector-relative return context features.,fold_07,True
robust_q25,25th percentile validation Sharpe with turnover and drawdown penalties.,-2.767623672851649,-1.7543251230620036,0.25,13.729508196721312,-0.16341156997678996,-2.5251861475313775,-1.8792515633881328,3,1,3,-1.731187651366715,4.228756410316475,11.804482538003125,-0.026010947412353103,13.950819672131148,3,3,base_macro_sector_relative_context,sector_relative_context,False,Macro baseline plus causal sector-relative return context features.,fold_07,True
robust_q25_retention,25th percentile validation Sharpe with retention/generalization uplift and turnover/max-drawdown penalties.,-3.6808079442427135,-1.7543251230620036,0.25,13.729508196721312,-0.16341156997678996,-2.5251861475313775,-1.8792515633881328,3,1,3,-1.731187651366715,4.228756410316475,11.804482538003125,-0.026010947412353103,13.950819672131148,3,3,base_macro_sector_relative_context,sector_relative_context,False,Macro baseline plus causal sector-relative return context features.,fold_07,True
sharpe_only,Baseline rule: median validation Sharpe only.,1.4438019504227633,1.4438019504227633,0.5,11.746031746031745,-0.05242595424298779,-0.665687291900494,1.4593329258092376,3,1,3,1.4438019504227633,-0.7045432199935974,-2.824264941336807,-0.07199964719724106,11.873015873015873,3,3,base_macro_sector_relative_context,sector_relative_context,False,Macro baseline plus causal sector-relative return context features.,fold_08,True
robust_q25,25th percentile validation Sharpe with turnover and drawdown penalties.,0.5589322998086065,1.2510857955961694,0.25,11.746031746031745,-0.05242595424298779,-0.665687291900494,1.4593329258092376,3,1,3,1.4438019504227633,-0.7045432199935974,-2.824264941336807,-0.07199964719724106,11.873015873015873,3,3,base_macro_sector_relative_context,sector_relative_context,False,Macro baseline plus causal sector-relative return context features.,fold_08,True
robust_q25_retention,25th percentile validation Sharpe with retention/generalization uplift and turnover/max-drawdown penalties.,0.6114104157048686,1.2510857955961694,0.25,11.746031746031745,-0.05242595424298779,-0.665687291900494,1.4593329258092376,3,1,3,1.4438019504227633,-0.7045432199935974,-2.824264941336807,-0.07199964719724106,11.873015873015873,3,3,base_macro_sector_relative_context,sector_relative_context,False,Macro baseline plus causal sector-relative return context features.,fold_08,True
sharpe_only,Baseline rule: median validation Sharpe only.,5.407712930602705,5.407712930602705,0.5,12.903225806451612,-0.020228123325920278,-0.24655813678376393,6.075274654706819,3,1,3,5.407712930602705,-1.3884409376429445,-22.496877470259292,-0.3491591025436579,12.903225806451612,3,3,base_macro_sector_relative_context,sector_relative_context,False,Macro baseline plus causal sector-relative return context features.,fold_09,True
robust_q25,25th percentile validation Sharpe with turnover and drawdown penalties.,4.209548183338541,4.895165720312962,0.25,12.903225806451612,-0.020228123325920278,-0.24655813678376393,6.075274654706819,3,1,3,5.407712930602705,-1.3884409376429445,-22.496877470259292,-0.3491591025436579,12.903225806451612,3,3,base_macro_sector_relative_context,sector_relative_context,False,Macro baseline plus causal sector-relative return context features.,fold_09,True
robust_q25_retention,25th percentile validation Sharpe with retention/generalization uplift and turnover/max-drawdown penalties.,5.059199847348621,4.895165720312962,0.25,12.903225806451612,-0.020228123325920278,-0.24655813678376393,6.075274654706819,3,1,3,5.407712930602705,-1.3884409376429445,-22.496877470259292,-0.3491591025436579,12.903225806451612,3,3,base_macro_sector_relative_context,sector_relative_context,False,Macro baseline plus causal sector-relative return context features.,fold_09,True
sharpe_only,Baseline rule: median validation Sharpe only.,2.1756880032453285,2.1756880032453285,0.5,11.306451612903226,-0.0844471191484032,0.5976936016213198,3.642811818055425,3,1,3,2.1756880032453285,1.5099332531642333,7.244364230492395,-0.10185638017658027,11.11111111111111,3,3,base_macro_sector_relative_context,sector_relative_context,False,Macro baseline plus causal sector-relative return context features.,fold_10,True
robust_q25,25th percentile validation Sharpe with turnover and drawdown penalties.,1.4378581776633508,2.1720749966053186,0.25,11.306451612903226,-0.0844471191484032,0.5976936016213198,3.642811818055425,3,1,3,2.1756880032453285,1.5099332531642333,7.244364230492395,-0.10185638017658027,11.11111111111111,3,3,base_macro_sector_relative_context,sector_relative_context,False,Macro baseline plus causal sector-relative return context features.,fold_10,True
robust_q25_retention,25th percentile validation Sharpe with retention/generalization uplift and turnover/max-drawdown penalties.,2.1337033507769947,2.1720749966053186,0.25,11.306451612903226,-0.0844471191484032,0.5976936016213198,3.642811818055425,3,1,3,2.1756880032453285,1.5099332531642333,7.244364230492395,-0.10185638017658027,11.11111111111111,3,3,base_macro_sector_relative_context,sector_relative_context,False,Macro baseline plus causal sector-relative return context features.,fold_10,True
sharpe_only,Baseline rule: median validation Sharpe only.,3.027975052931994,3.027975052931994,0.5,14.85483870967742,-0.07963815251749218,0.9827774799197599,4.3855076975867515,3,1,3,3.027975052931994,2.904458416927742,10.77063142522201,-0.041720958114188966,15.385245901639344,3,3,base_macro_sector_relative_context,sector_relative_context,False,Macro baseline plus causal sector-relative return context features.,fold_11,True
robust_q25,25th percentile validation Sharpe with turnover and drawdown penalties.,2.0855291306053907,2.987547371124246,0.25,14.85483870967742,-0.07963815251749218,0.9827774799197599,4.3855076975867515,3,1,3,3.027975052931994,2.904458416927742,10.77063142522201,-0.041720958114188966,15.385245901639344,3,3,base_macro_sector_relative_context,sector_relative_context,False,Macro baseline plus causal sector-relative return context features.,fold_11,True
robust_q25_retention,25th percentile validation Sharpe with retention/generalization uplift and turnover/max-drawdown penalties.,2.9890496552233436,2.987547371124246,0.25,14.85483870967742,-0.07963815251749218,0.9827774799197599,4.3855076975867515,3,1,3,3.027975052931994,2.904458416927742,10.77063142522201,-0.041720958114188966,15.385245901639344,3,3,base_macro_sector_relative_context,sector_relative_context,False,Macro baseline plus causal sector-relative return context features.,fold_11,True
sharpe_only,Baseline rule: median validation Sharpe only.,2.166560318017877,2.166560318017877,0.5,11.904761904761905,-0.04373502098302273,0.20891923043063212,2.8492474068440035,3,1,3,2.166560318017877,0.5645730549985191,1.6052848256420171,-0.04911975313494199,12.096774193548388,3,3,base_macro_sector_relative_context,sector_relative_context,False,Macro baseline plus causal sector-relative return context features.,fold_12,True
robust_q25,25th percentile validation Sharpe with turnover and drawdown penalties.,1.479645233942859,2.1623533711469998,0.25,11.904761904761905,-0.04373502098302273,0.20891923043063212,2.8492474068440035,3,1,3,2.166560318017877,0.5645730549985191,1.6052848256420171,-0.04911975313494199,12.096774193548388,3,3,base_macro_sector_relative_context,sector_relative_context,False,Macro baseline plus causal sector-relative return context features.,fold_12,True
robust_q25_retention,25th percentile validation Sharpe with retention/generalization uplift and turnover/max-drawdown penalties.,1.9592621525771174,2.1623533711469998,0.25,11.904761904761905,-0.04373502098302273,0.20891923043063212,2.8492474068440035,3,1,3,2.166560318017877,0.5645730549985191,1.6052848256420171,-0.04911975313494199,12.096774193548388,3,3,base_macro_sector_relative_context,sector_relative_context,False,Macro baseline plus causal sector-relative return context features.,fold_12,True
sharpe_only,Baseline rule: median validation Sharpe only.,3.528566213142287,3.528566213142287,0.5,13.709677419354838,-0.03856729807693482,0.03754948487720382,4.225824326390724,3,1,3,3.528566213142287,0.11068368837700071,0.07033719342006695,-0.09716211387765938,14.754098360655737,3,3,base_macro_sector_relative_context,sector_relative_context,False,Macro baseline plus causal sector-relative return context features.,fold_13,True
robust_q25,25th percentile validation Sharpe with turnover and drawdown penalties.,2.47550227981882,3.2381207469404316,0.25,13.709677419354838,-0.03856729807693482,0.03754948487720382,4.225824326390724,3,1,3,3.528566213142287,0.11068368837700071,0.07033719342006695,-0.09716211387765938,14.754098360655737,3,3,base_macro_sector_relative_context,sector_relative_context,False,Macro baseline plus causal sector-relative return context features.,fold_13,True
robust_q25_retention,25th percentile validation Sharpe with retention/generalization uplift and turnover/max-drawdown penalties.,3.118763299996729,3.2381207469404316,0.25,13.709677419354838,-0.03856729807693482,0.03754948487720382,4.225824326390724,3,1,3,3.528566213142287,0.11068368837700071,0.07033719342006695,-0.09716211387765938,14.754098360655737,3,3,base_macro_sector_relative_context,sector_relative_context,False,Macro baseline plus causal sector-relative return context features.,fold_13,True
sharpe_only,Baseline rule: median validation Sharpe only.,-1.1903014442206665,-1.1903014442206665,0.5,9.201612903225806,-0.12931211906649454,0.6894481150358319,-1.4216941317428573,3,1,3,-1.1903014442206665,-0.8545501810749252,-4.143502338485328,-0.12595912774035845,8.912698412698413,3,3,base_macro_sector_relative_context,sector_relative_context,False,Macro baseline plus causal sector-relative return context features.,fold_14,True
robust_q25,25th percentile validation Sharpe with turnover and drawdown penalties.,-1.9335905516887957,-1.2148856683945164,0.25,9.201612903225806,-0.12931211906649454,0.6894481150358319,-1.4216941317428573,3,1,3,-1.1903014442206665,-0.8545501810749252,-4.143502338485328,-0.12595912774035845,8.912698412698413,3,3,base_macro_sector_relative_context,sector_relative_context,False,Macro baseline plus causal sector-relative return context features.,fold_14,True
robust_q25_retention,25th percentile validation Sharpe with retention/generalization uplift and turnover/max-drawdown penalties.,-1.9744826426912665,-1.2148856683945164,0.25,9.201612903225806,-0.12931211906649454,0.6894481150358319,-1.4216941317428573,3,1,3,-1.1903014442206665,-0.8545501810749252,-4.143502338485328,-0.12595912774035845,8.912698412698413,3,3,base_macro_sector_relative_context,sector_relative_context,False,Macro baseline plus causal sector-relative return context features.,fold_14,True
