regime,n_days,mean_return,volatility,sharpe,run_key,feature_set,fold_id,seed,regime_mean_return
0.0,45,0.0006813388143790893,0.012606713015179318,0.8579491224645897,base_macro_rates_credit_vol_risk_state_context__fold_01__seed42,base_macro_rates_credit_vol_risk_state_context,fold_01,42,0.0006813388143790893
1.0,17,0.001956872801301935,0.004549137866987728,6.828632937949867,base_macro_rates_credit_vol_risk_state_context__fold_01__seed42,base_macro_rates_credit_vol_risk_state_context,fold_01,42,0.001956872801301935
0.0,45,0.000658162297503743,0.013047412318526063,0.8007720085804075,base_macro_rates_credit_vol_risk_state_context__fold_01__seed123,base_macro_rates_credit_vol_risk_state_context,fold_01,123,0.000658162297503743
1.0,17,0.002088373207619957,0.004011504351448796,8.264205646528302,base_macro_rates_credit_vol_risk_state_context__fold_01__seed123,base_macro_rates_credit_vol_risk_state_context,fold_01,123,0.002088373207619957
0.0,45,0.001242862060316832,0.010880109836849094,1.813384593463625,base_macro_rates_credit_vol_risk_state_context__fold_01__seed999,base_macro_rates_credit_vol_risk_state_context,fold_01,999,0.001242862060316832
1.0,17,0.0019833726721534273,0.003734815579260312,8.4301525518198,base_macro_rates_credit_vol_risk_state_context__fold_01__seed999,base_macro_rates_credit_vol_risk_state_context,fold_01,999,0.0019833726721534273
0.0,3,-0.00010692309359827679,0.000504529376464382,-3.364227277148774,base_macro_rates_credit_vol_risk_state_context__fold_02__seed42,base_macro_rates_credit_vol_risk_state_context,fold_02,42,-0.00010692309359827679
1.0,61,-0.0004065672001940305,0.005659904956766257,-1.1403114128232237,base_macro_rates_credit_vol_risk_state_context__fold_02__seed42,base_macro_rates_credit_vol_risk_state_context,fold_02,42,-0.0004065672001940305
0.0,3,2.867405033846193e-05,0.00048028376732614584,0.9477447888635456,base_macro_rates_credit_vol_risk_state_context__fold_02__seed123,base_macro_rates_credit_vol_risk_state_context,fold_02,123,2.867405033846193e-05
1.0,61,8.044868230659629e-05,0.00583794565888466,0.2187555888213872,base_macro_rates_credit_vol_risk_state_context__fold_02__seed123,base_macro_rates_credit_vol_risk_state_context,fold_02,123,8.044868230659629e-05
0.0,3,-1.0800111484021713e-06,4.327778232912962e-06,-3.961535122273748,base_macro_rates_credit_vol_risk_state_context__fold_02__seed999,base_macro_rates_credit_vol_risk_state_context,fold_02,999,-1.0800111484021713e-06
1.0,61,-5.774749198473125e-06,0.00017545430196181278,-0.5224796459965333,base_macro_rates_credit_vol_risk_state_context__fold_02__seed999,base_macro_rates_credit_vol_risk_state_context,fold_02,999,-5.774749198473125e-06
1.0,62,0.0004991161391623485,0.0050084098727881275,1.581983759041452,base_macro_rates_credit_vol_risk_state_context__fold_03__seed42,base_macro_rates_credit_vol_risk_state_context,fold_03,42,0.0004991161391623485
1.0,62,0.0007665486332209949,0.004665227561549065,2.60835771620855,base_macro_rates_credit_vol_risk_state_context__fold_03__seed123,base_macro_rates_credit_vol_risk_state_context,fold_03,123,0.0007665486332209949
1.0,62,4.890248955158686e-06,0.00014515238754348052,0.5348192807645399,base_macro_rates_credit_vol_risk_state_context__fold_03__seed999,base_macro_rates_credit_vol_risk_state_context,fold_03,999,4.890248955158686e-06
1.0,64,0.001182860725725425,0.004168345396524946,4.504744715018907,base_macro_rates_credit_vol_risk_state_context__fold_04__seed42,base_macro_rates_credit_vol_risk_state_context,fold_04,42,0.001182860725725425
1.0,64,0.0013053548707259548,0.0051372396061695556,4.033657713547289,base_macro_rates_credit_vol_risk_state_context__fold_04__seed123,base_macro_rates_credit_vol_risk_state_context,fold_04,123,0.0013053548707259548
1.0,64,0.0007111709093842993,0.004463463910959151,2.529310961302486,base_macro_rates_credit_vol_risk_state_context__fold_04__seed999,base_macro_rates_credit_vol_risk_state_context,fold_04,999,0.0007111709093842993
0.0,40,-0.00191557618816873,0.016760592994133235,-1.8143050951952162,base_macro_rates_credit_vol_risk_state_context__fold_05__seed42,base_macro_rates_credit_vol_risk_state_context,fold_05,42,-0.00191557618816873
1.0,21,0.0011809694763851085,0.005148134025549204,3.641573655580775,base_macro_rates_credit_vol_risk_state_context__fold_05__seed42,base_macro_rates_credit_vol_risk_state_context,fold_05,42,0.0011809694763851085
0.0,40,-0.0018738883207065765,0.017441695424197115,-1.7055139517297027,base_macro_rates_credit_vol_risk_state_context__fold_05__seed123,base_macro_rates_credit_vol_risk_state_context,fold_05,123,-0.0018738883207065765
1.0,21,0.0022219642634822593,0.006902951858695439,5.1097834522848835,base_macro_rates_credit_vol_risk_state_context__fold_05__seed123,base_macro_rates_credit_vol_risk_state_context,fold_05,123,0.0022219642634822593
0.0,40,-0.0013919739570090045,0.01727391916023479,-1.279206028775099,base_macro_rates_credit_vol_risk_state_context__fold_05__seed999,base_macro_rates_credit_vol_risk_state_context,fold_05,999,-0.0013919739570090045
1.0,21,0.0010447852339581813,0.006442120518622093,2.5745329301448967,base_macro_rates_credit_vol_risk_state_context__fold_05__seed999,base_macro_rates_credit_vol_risk_state_context,fold_05,999,0.0010447852339581813
1.0,64,0.001182995559980889,0.004234635815823795,4.434731377051098,base_macro_rates_credit_vol_risk_state_context__fold_06__seed42,base_macro_rates_credit_vol_risk_state_context,fold_06,42,0.001182995559980889
1.0,64,0.0012018766277904682,0.004268503787456201,4.469762926849199,base_macro_rates_credit_vol_risk_state_context__fold_06__seed123,base_macro_rates_credit_vol_risk_state_context,fold_06,123,0.0012018766277904682
1.0,64,0.0009920265254595596,0.005407091044651298,2.9124593523629976,base_macro_rates_credit_vol_risk_state_context__fold_06__seed999,base_macro_rates_credit_vol_risk_state_context,fold_06,999,0.0009920265254595596
0.0,25,0.001299183385325664,0.006382687552017162,3.2312245746252066,base_macro_rates_credit_vol_risk_state_context__fold_07__seed42,base_macro_rates_credit_vol_risk_state_context,fold_07,42,0.001299183385325664
1.0,37,0.0013171550039558005,0.007499618345122891,2.788033538419407,base_macro_rates_credit_vol_risk_state_context__fold_07__seed42,base_macro_rates_credit_vol_risk_state_context,fold_07,42,0.0013171550039558005
0.0,25,0.0009843020494243859,0.00774923319568167,2.0163686176325344,base_macro_rates_credit_vol_risk_state_context__fold_07__seed123,base_macro_rates_credit_vol_risk_state_context,fold_07,123,0.0009843020494243859
1.0,37,0.0023815756544191473,0.0069952738036298525,5.40455492118923,base_macro_rates_credit_vol_risk_state_context__fold_07__seed123,base_macro_rates_credit_vol_risk_state_context,fold_07,123,0.0023815756544191473
0.0,25,0.0014879757883722888,0.005302470462828866,4.454694000295926,base_macro_rates_credit_vol_risk_state_context__fold_07__seed999,base_macro_rates_credit_vol_risk_state_context,fold_07,999,0.0014879757883722888
1.0,37,0.0020811812820948606,0.006278221630348816,5.262274984732868,base_macro_rates_credit_vol_risk_state_context__fold_07__seed999,base_macro_rates_credit_vol_risk_state_context,fold_07,999,0.0020811812820948606
0.0,8,0.0025526014423437743,0.016212822765367674,2.499336004757682,base_macro_rates_credit_vol_risk_state_context__fold_08__seed42,base_macro_rates_credit_vol_risk_state_context,fold_08,42,0.0025526014423437743
1.0,56,-0.0008999949807004962,0.008596997198965126,-1.6618567006813898,base_macro_rates_credit_vol_risk_state_context__fold_08__seed42,base_macro_rates_credit_vol_risk_state_context,fold_08,42,-0.0008999949807004962
0.0,8,0.001881064361768242,0.01459915425824845,2.0453904712459576,base_macro_rates_credit_vol_risk_state_context__fold_08__seed123,base_macro_rates_credit_vol_risk_state_context,fold_08,123,0.001881064361768242
1.0,56,-0.001589142674001983,0.008675492193144892,-2.90783016313358,base_macro_rates_credit_vol_risk_state_context__fold_08__seed123,base_macro_rates_credit_vol_risk_state_context,fold_08,123,-0.001589142674001983
0.0,8,0.002840625341028122,0.015048866842622544,2.99647340847574,base_macro_rates_credit_vol_risk_state_context__fold_08__seed999,base_macro_rates_credit_vol_risk_state_context,fold_08,999,0.002840625341028122
1.0,56,-0.0006959024979664996,0.00858329529401675,-1.287047608149829,base_macro_rates_credit_vol_risk_state_context__fold_08__seed999,base_macro_rates_credit_vol_risk_state_context,fold_08,999,-0.0006959024979664996
0.0,39,-0.004643357032085194,0.04563304450419587,-1.6152989250038914,base_macro_rates_credit_vol_risk_state_context__fold_09__seed42,base_macro_rates_credit_vol_risk_state_context,fold_09,42,-0.004643357032085194
1.0,24,0.0007487688943502204,0.007611294301512729,1.5616710158095573,base_macro_rates_credit_vol_risk_state_context__fold_09__seed42,base_macro_rates_credit_vol_risk_state_context,fold_09,42,0.0007487688943502204
0.0,39,-0.004624312092574731,0.047305769934884445,-1.55179122528297,base_macro_rates_credit_vol_risk_state_context__fold_09__seed123,base_macro_rates_credit_vol_risk_state_context,fold_09,123,-0.004624312092574731
1.0,24,0.0002425965516962327,0.010368391722810675,0.3714270227452766,base_macro_rates_credit_vol_risk_state_context__fold_09__seed123,base_macro_rates_credit_vol_risk_state_context,fold_09,123,0.0002425965516962327
0.0,39,-0.00656145303724545,0.050211524377836665,-2.0744209450980424,base_macro_rates_credit_vol_risk_state_context__fold_09__seed999,base_macro_rates_credit_vol_risk_state_context,fold_09,999,-0.00656145303724545
1.0,24,-0.00012609374979814328,0.008764135385164802,-0.22839403262313804,base_macro_rates_credit_vol_risk_state_context__fold_09__seed999,base_macro_rates_credit_vol_risk_state_context,fold_09,999,-0.00012609374979814328
0.0,64,0.0008679738542996564,0.010407675964936016,1.3238938091769576,base_macro_rates_credit_vol_risk_state_context__fold_10__seed42,base_macro_rates_credit_vol_risk_state_context,fold_10,42,0.0008679738542996564
0.0,64,0.0012689928781950879,0.011750250736556292,1.714400643777376,base_macro_rates_credit_vol_risk_state_context__fold_10__seed123,base_macro_rates_credit_vol_risk_state_context,fold_10,123,0.0012689928781950879
0.0,64,0.001457573385000006,0.014234778530939825,1.6254738432163058,base_macro_rates_credit_vol_risk_state_context__fold_10__seed999,base_macro_rates_credit_vol_risk_state_context,fold_10,999,0.001457573385000006
0.0,62,0.0008260284794754165,0.009887181209513455,1.3262420620626936,base_macro_rates_credit_vol_risk_state_context__fold_11__seed42,base_macro_rates_credit_vol_risk_state_context,fold_11,42,0.0008260284794754165
0.0,62,0.0010888445084530263,0.009980761945292863,1.7318187538640126,base_macro_rates_credit_vol_risk_state_context__fold_11__seed123,base_macro_rates_credit_vol_risk_state_context,fold_11,123,0.0010888445084530263
0.0,62,0.0015567642904647982,0.010121158525982294,2.4417033792775413,base_macro_rates_credit_vol_risk_state_context__fold_11__seed999,base_macro_rates_credit_vol_risk_state_context,fold_11,999,0.0015567642904647982
0.0,63,0.00021523791935436817,0.00701462434703108,0.48709608311127234,base_macro_rates_credit_vol_risk_state_context__fold_12__seed42,base_macro_rates_credit_vol_risk_state_context,fold_12,42,0.00021523791935436817
0.0,63,-3.0460647034257092e-05,0.007393142169934331,-0.06540490766253772,base_macro_rates_credit_vol_risk_state_context__fold_12__seed123,base_macro_rates_credit_vol_risk_state_context,fold_12,123,-3.0460647034257092e-05
0.0,63,3.108078745317665e-05,0.00786629241286949,0.06272233207498967,base_macro_rates_credit_vol_risk_state_context__fold_12__seed999,base_macro_rates_credit_vol_risk_state_context,fold_12,999,3.108078745317665e-05
0.0,62,-0.001061303106550975,0.011354145721869938,-1.483833740227029,base_macro_rates_credit_vol_risk_state_context__fold_13__seed42,base_macro_rates_credit_vol_risk_state_context,fold_13,42,-0.001061303106550975
0.0,62,-0.0002718260282112775,0.010587977420403778,-0.40754756567701944,base_macro_rates_credit_vol_risk_state_context__fold_13__seed123,base_macro_rates_credit_vol_risk_state_context,fold_13,123,-0.0002718260282112775
0.0,62,-0.0005096057377972381,0.01038203821974171,-0.7792054047764568,base_macro_rates_credit_vol_risk_state_context__fold_13__seed999,base_macro_rates_credit_vol_risk_state_context,fold_13,999,-0.0005096057377972381
0.0,64,-0.0004984391746826917,0.01182352186623032,-0.6692148658358114,base_macro_rates_credit_vol_risk_state_context__fold_14__seed42,base_macro_rates_credit_vol_risk_state_context,fold_14,42,-0.0004984391746826917
0.0,64,-0.0009421190463770757,0.011734216485760196,-1.274535562807756,base_macro_rates_credit_vol_risk_state_context__fold_14__seed123,base_macro_rates_credit_vol_risk_state_context,fold_14,123,-0.0009421190463770757
0.0,64,-0.0005479220181714619,0.012111540347469398,-0.7181574050939921,base_macro_rates_credit_vol_risk_state_context__fold_14__seed999,base_macro_rates_credit_vol_risk_state_context,fold_14,999,-0.0005479220181714619
