primitive_id,primitive_type,example_type,example_rank,behavior_window_id,run_key,feature_set,feature_family,fold_id,seed,date,window_start_date,window_end_date,window_length,reward_daily_return,reward_benchmark_return,reward_excess_return_vs_benchmark,same_day_excess_return_vs_benchmark,current_drawdown,regime_label_exogenous,market_regime,analysis_regime,action_l1_wmean,action_change_l1_wmean,action_jitter_l2_wmean,turnover_wmean,portfolio_hhi_wmean,portfolio_max_weight_wmean,portfolio_benchmark_deviation_l1_wmean,portfolio_sector_max_weight_wmean,vix_wmean,sp500_trend_wmean
primitive_00,profitable_reliable_candidate,best_excess_return_window,1,base_macro__fold_09__seed999__w0044,base_macro__fold_09__seed999,base_macro,macro_context,fold_09,999,2020-03-10,2020-03-04,2020-03-10,5,-0.0368973880232476,-0.0524988204874879,0.0156014324642403,-0.0010596444411674,-0.1377317079686685,unknown,0.0,market_regime_0,2.4,1.6,2.1027969690058312,0.8,0.0969281073125208,0.1674462203203297,1.150961574347401,0.3315188776195145,43.06199913024902,-0.0328396821378451
primitive_00,profitable_reliable_candidate,best_excess_return_window,2,base_macro__fold_09__seed42__w0044,base_macro__fold_09__seed42,base_macro,macro_context,fold_09,42,2020-03-10,2020-03-04,2020-03-10,5,-0.0407708776953643,-0.0524988204874879,0.0117279427921236,6.534996219437206e-05,-0.1237289768887943,unknown,0.0,market_regime_0,3.4,5.6,7.069549504740384,2.8,0.0949414274021138,0.1452426615493607,1.181080507909402,0.3089198613459546,43.06199913024902,-0.0328396821378451
primitive_00,profitable_reliable_candidate,best_excess_return_window,3,base_macro__fold_14__seed999__w0051,base_macro__fold_14__seed999,base_macro,macro_context,fold_14,999,2022-09-15,2022-09-09,2022-09-15,5,0.0070748387592862,-0.0046103427223673,0.0116851814816536,-6.92177585473134e-05,-0.1023908000179554,unknown,0.0,market_regime_0,0.0,0.0,0.0,0.0,0.1367724262467842,0.225531373032275,1.3332563307756318,0.3203518487105912,25.27200050354004,-0.0649659230826143
primitive_00,profitable_reliable_candidate,worst_excess_return_window,1,base_macro__fold_14__seed999__w0017,base_macro__fold_14__seed999,base_macro,macro_context,fold_14,999,2022-07-28,2022-07-22,2022-07-28,5,-0.0047380966755068,0.0109055029113167,-0.0156435995868235,-0.0078586961552901,-0.0008548987733922,unknown,0.0,market_regime_0,0.0,0.0,0.0,0.0,0.1371751834629835,0.2298871174393609,1.317198608465187,0.321664679790794,23.33000030517578,-0.0831183164503165
primitive_00,profitable_reliable_candidate,worst_excess_return_window,2,base_macro__fold_14__seed999__w0047,base_macro__fold_14__seed999,base_macro,macro_context,fold_14,999,2022-09-09,2022-09-02,2022-09-09,5,-0.0032399851398718,0.0089212602245312,-0.0121612453644031,-0.0075919761909129,-0.0544315604173428,unknown,0.0,market_regime_0,0.0,0.0,0.0,0.0,0.1389896213199674,0.2309630169921383,1.334081947696038,0.323956049813469,24.68400001525879,-0.0712289795281758
primitive_00,profitable_reliable_candidate,worst_excess_return_window,3,base_macro__fold_14__seed999__w0015,base_macro__fold_14__seed999,base_macro,macro_context,fold_14,999,2022-07-26,2022-07-20,2022-07-26,5,0.0052800858866814,0.0155607157399834,-0.0102806298533019,0.0019565492557088,-0.0081744681921307,unknown,0.0,market_regime_0,0.0,0.0,0.4,0.0,0.1372616642578421,0.2314368129368164,1.3150771131440049,0.3237485615182257,23.61400032043457,-0.0902366169400917
primitive_01,mixed_primitive,best_excess_return_window,1,base_macro__fold_10__seed999__w0036,base_macro__fold_10__seed999,base_macro,macro_context,fold_10,999,2020-08-25,2020-08-19,2020-08-25,5,0.0357079425586204,0.0114616850417942,0.0242462575168261,0.0065383244219934,0.0,unknown,0.0,market_regime_0,19.0,3.0,2.3820761230499734,1.5,0.0801977764336503,0.1155326332459368,1.0530880878508602,0.2782081754605846,22.440000534057617,0.1082980917534109
primitive_01,mixed_primitive,best_excess_return_window,2,base_macro__fold_10__seed42__w0036,base_macro__fold_10__seed42,base_macro,macro_context,fold_10,42,2020-08-25,2020-08-19,2020-08-25,5,0.030887674657372,0.0114616850417942,0.0194259896155778,0.0048301337260039,0.0,unknown,0.0,market_regime_0,0.0,0.0,0.0,0.0,0.0801361758631855,0.1175653944096084,1.0436692579385451,0.2439959376994587,22.440000534057617,0.1082980917534109
primitive_01,mixed_primitive,best_excess_return_window,3,base_macro__fold_10__seed123__w0036,base_macro__fold_10__seed123,base_macro,macro_context,fold_10,123,2020-08-25,2020-08-19,2020-08-25,5,0.0273928672148244,0.0114616850417942,0.0159311821730302,0.0024999591134993,0.0,unknown,0.0,market_regime_0,0.0,0.0,0.0,0.0,0.0632059337733284,0.1065407149450324,0.7636364266907816,0.2781982364281234,22.440000534057617,0.1082980917534109
primitive_01,mixed_primitive,worst_excess_return_window,1,base_macro__fold_10__seed999__w0024,base_macro__fold_10__seed999,base_macro,macro_context,fold_10,999,2020-08-07,2020-08-03,2020-08-07,5,-0.0001694676897603,0.0109382151852898,-0.0111076828750501,-0.0085545608835839,-0.0061417443152633,unknown,0.0,market_regime_0,16.6,1.4,1.3120955864630133,0.7,0.079623371554524,0.1132857443019435,1.0395731990834238,0.2741441438847937,23.17799987792969,0.0892343339459207
primitive_01,mixed_primitive,worst_excess_return_window,2,base_macro__fold_10__seed999__w0042,base_macro__fold_10__seed999,base_macro,macro_context,fold_10,999,2020-09-02,2020-08-27,2020-09-02,5,-0.0370093832322824,-0.0263849014061211,-0.0106244818261612,-0.0065048750255522,0.0,unknown,0.0,market_regime_0,10.6,2.6,2.765458372283329,1.3,0.0818782050408883,0.1175063753879182,1.063309559448702,0.2849566746664836,25.30599975585937,0.1409567665300985
primitive_01,mixed_primitive,worst_excess_return_window,3,base_macro__fold_11__seed999__w0048,base_macro__fold_11__seed999,base_macro,macro_context,fold_11,999,2021-03-15,2021-03-09,2021-03-15,5,-0.0123603188935316,-0.0025750034065964,-0.0097853154869351,-0.0035315999319461,0.0,unknown,0.0,market_regime_0,0.0,0.0,0.0,0.0,0.0852686500549305,0.1380959975366178,1.0502116089469895,0.3142344126476104,21.844000244140624,0.1247475679671249
primitive_02,bad_or_noisy_primitive,best_excess_return_window,1,base_macro__fold_11__seed123__w0031,base_macro__fold_11__seed123,base_macro,macro_context,fold_11,123,2021-02-18,2021-02-11,2021-02-18,5,0.0123484357154692,-0.0019601330269059,0.0143085687423752,-0.0068622519796585,-0.009738640220957,unknown,0.0,market_regime_0,0.0,0.0,0.0,0.0,0.0903735540134763,0.1425184123938072,1.1017876178822104,0.2847670560391993,21.333999633789062,0.1521344693528735
primitive_02,bad_or_noisy_primitive,best_excess_return_window,2,base_macro__fold_11__seed123__w0046,base_macro__fold_11__seed123,base_macro,macro_context,fold_11,123,2021-03-11,2021-03-05,2021-03-11,5,0.0179331238389419,0.0064473749890092,0.0114857488499327,0.0014292320242363,0.0,unknown,0.0,market_regime_0,0.0,0.0,0.0,0.0,0.0924657608706772,0.1482990339242243,1.111418844860178,0.2982607189186471,23.72599983215332,0.1134225174262952
primitive_02,bad_or_noisy_primitive,best_excess_return_window,3,base_macro__fold_05__seed999__w0017,base_macro__fold_05__seed999,base_macro,macro_context,fold_05,999,2018-01-30,2018-01-24,2018-01-30,5,0.0101322561452092,-0.0005095748199437,0.010641830965153,0.0034318459813986,-0.0179151363365305,unknown,1.0,market_regime_1,0.0,0.0,0.0,0.0,0.090168608141844,0.2073969724949935,0.9389728401073262,0.4494436440200823,12.552000045776367,0.1287994095567598
primitive_02,bad_or_noisy_primitive,worst_excess_return_window,1,base_macro__fold_07__seed123__w0038,base_macro__fold_07__seed123,base_macro,macro_context,fold_07,123,2019-03-01,2019-02-25,2019-03-01,5,-0.0177563920002615,-0.0058296589236346,-0.0119267330766269,0.0021860325257117,-0.0048983565967125,unknown,1.0,market_regime_1,0.0,0.0,0.0,0.0,0.1109437237095053,0.1891515269061912,1.2048596428584248,0.2666748591620272,14.613999938964843,0.016436699833329
primitive_02,bad_or_noisy_primitive,worst_excess_return_window,2,base_macro__fold_11__seed123__w0048,base_macro__fold_11__seed123,base_macro,macro_context,fold_11,123,2021-03-15,2021-03-09,2021-03-15,5,-0.0131926401974986,-0.0025750034065964,-0.0106176367909021,-0.0084565683975764,-0.001998662676653,unknown,0.0,market_regime_0,0.0,0.0,0.0,0.0,0.0932870149960772,0.1484136650682939,1.11233421659656,0.2960865673725633,21.844000244140624,0.1247475679671249
primitive_02,bad_or_noisy_primitive,worst_excess_return_window,3,base_macro__fold_11__seed123__w0053,base_macro__fold_11__seed123,base_macro,macro_context,fold_11,123,2021-03-22,2021-03-16,2021-03-22,5,-0.0171362562511568,-0.0073804991788945,-0.0097557570722623,-0.0072760097463943,-0.0240870329705502,unknown,0.0,market_regime_0,0.0,0.0,0.0,0.0,0.0936837096114844,0.1489622500472465,1.111501211109583,0.2939486747122037,20.08600006103516,0.1221296124386736
primitive_03,bad_or_noisy_primitive,best_excess_return_window,1,base_macro__fold_09__seed999__w0048,base_macro__fold_09__seed999,base_macro,macro_context,fold_09,999,2020-03-16,2020-03-10,2020-03-16,5,0.0689967504067812,0.0539145958077331,0.015082154599048,-0.0043406144620358,-0.2787018399089505,unknown,0.0,market_regime_0,0.6,1.0,1.5464101615137753,0.5,0.0979671773025866,0.1705812153806158,1.1496671529905296,0.3402062737368644,63.43800125122071,-0.1342805427441583
primitive_03,bad_or_noisy_primitive,best_excess_return_window,2,base_macro__fold_09__seed42__w0049,base_macro__fold_09__seed42,base_macro,macro_context,fold_09,42,2020-03-17,2020-03-11,2020-03-17,5,-0.0440997198603566,-0.0559596557087842,0.0118599358484276,0.0039681893252465,-0.2058947296612202,unknown,0.0,market_regime_0,0.8,1.6,2.5298221281347035,0.8,0.0954695106198013,0.1449985010364937,1.182062985077632,0.3141800898944232,69.16000213623047,-0.15711841014253
primitive_03,bad_or_noisy_primitive,best_excess_return_window,3,base_macro__fold_09__seed123__w0046,base_macro__fold_09__seed123,base_macro,macro_context,fold_09,123,2020-03-12,2020-03-06,2020-03-12,5,0.1072898821081635,0.09563294066672,0.0116569414414435,0.0030998226758882,-0.2591313050671333,unknown,0.0,market_regime_0,0.0,0.0,0.0,0.0,0.0867640446078152,0.1594833455583541,1.0521904007927674,0.3817233324179903,54.613999938964845,-0.0938927029044145
primitive_03,bad_or_noisy_primitive,worst_excess_return_window,1,base_macro__fold_09__seed123__w0052,base_macro__fold_09__seed123,base_macro,macro_context,fold_09,123,2020-03-20,2020-03-16,2020-03-20,5,-0.0426234977805363,-0.0245752302064295,-0.0180482675741068,-0.0081436143381711,-0.312148433448576,unknown,0.0,market_regime_0,0.0,0.0,0.0,0.0,0.0868905269575911,0.1481997652718386,1.0543620163472625,0.3923026312164089,74.61800079345703,-0.2097344077414735
primitive_03,bad_or_noisy_primitive,worst_excess_return_window,2,base_macro__fold_09__seed999__w0053,base_macro__fold_09__seed999,base_macro,macro_context,fold_09,999,2020-03-23,2020-03-17,2020-03-23,5,0.0945948246655128,0.1079520028616596,-0.0133571781961467,0.0045682819764945,-0.3067443494462225,unknown,0.0,market_regime_0,5.4,2.6,1.9464101615137757,1.3,0.0982058798057744,0.1557555798143499,1.1486618849336323,0.3389589350779162,70.39800033569335,-0.2189908252415543
primitive_03,bad_or_noisy_primitive,worst_excess_return_window,3,base_macro__fold_09__seed123__w0049,base_macro__fold_09__seed123,base_macro,macro_context,fold_09,123,2020-03-17,2020-03-11,2020-03-17,5,-0.0667315258407268,-0.0559596557087842,-0.0107718701319425,0.0108207902381396,-0.2279592925900918,unknown,0.0,market_regime_0,0.0,0.0,0.0,0.0,0.0872702982234485,0.1578970424169049,1.0527900504188852,0.3879716821185909,69.16000213623047,-0.15711841014253
primitive_04,bad_or_noisy_primitive,best_excess_return_window,1,base_macro__fold_13__seed123__w0007,base_macro__fold_13__seed123,base_macro,macro_context,fold_13,123,2022-01-13,2022-01-07,2022-01-13,5,0.0041212254858706,-0.003836098919087,0.0079573244049576,-0.0032025770743132,-0.0077001768064157,unknown,0.0,market_regime_0,474.4,240.0,140.63876123684983,120.0,0.0937998906623069,0.1831895164575852,1.138537853836226,0.2829121943415524,18.9,0.06321400011835
primitive_04,bad_or_noisy_primitive,best_excess_return_window,2,base_macro__fold_01__seed42__w0019,base_macro__fold_01__seed42,base_macro,macro_context,fold_01,42,2016-02-01,2016-01-26,2016-02-01,5,-0.0145610243510462,-0.0218649380518631,0.0073039137008169,-3.890425420718984e-05,-0.0002420058590845,unknown,0.0,market_regime_0,518.2,220.0,157.41397311536528,110.0,0.1070505079315424,0.1566266430715898,1.2051906874708198,0.35904826246315,21.642000198364254,-0.0657437972727532
primitive_04,bad_or_noisy_primitive,best_excess_return_window,3,base_macro__fold_03__seed123__w0012,base_macro__fold_03__seed123,base_macro,macro_context,fold_03,123,2017-01-23,2017-01-17,2017-01-23,5,0.0112636086538642,0.0046174663065171,0.006646142347347,-0.0002369321416613,-0.009461673278291,unknown,1.0,market_regime_1,95.0,300.0,181.3882449890476,150.0,0.0896075831787251,0.1547878842143575,1.067598206520232,0.3296184919922538,12.08799991607666,0.0551832280449133
primitive_04,bad_or_noisy_primitive,worst_excess_return_window,1,base_macro__fold_14__seed999__w0009,base_macro__fold_14__seed999,base_macro,macro_context,fold_14,999,2022-07-18,2022-07-12,2022-07-18,5,0.0121214780388916,0.024012239472622,-0.0118907614337304,-0.0032255937302949,-0.0127567156208311,unknown,0.0,market_regime_0,726.8,199.6,97.39865707459016,99.8,0.0948836207948692,0.1830893008141958,1.1741426148677376,0.2517430038099656,26.00799980163574,-0.1251515272261373
primitive_04,bad_or_noisy_primitive,worst_excess_return_window,2,base_macro__fold_11__seed123__w0008,base_macro__fold_11__seed123,base_macro,macro_context,fold_11,123,2021-01-14,2021-01-08,2021-01-14,5,-0.0153500708413319,-0.0063079243304973,-0.0090421465108346,0.0057633897469491,0.0,unknown,0.0,market_regime_0,469.4,280.0,174.27654796816628,140.0,0.0764715042952247,0.1324543671254256,1.0284491510574154,0.2588786531168211,22.88599967956543,0.1599939561164498
primitive_04,bad_or_noisy_primitive,worst_excess_return_window,3,base_macro__fold_14__seed999__w0010,base_macro__fold_14__seed999,base_macro,macro_context,fold_14,999,2022-07-19,2022-07-13,2022-07-19,5,-0.0030474231215781,0.0037053522148449,-0.006752775336423,-0.0118907614337304,-0.0007898678301856,unknown,0.0,market_regime_0,526.8,200.0,146.461066310175,100.0,0.1122980890564341,0.2024158932031525,1.2370927420224496,0.2796884393289183,25.449999618530278,-0.1192042737276163
primitive_05,bad_or_noisy_primitive,best_excess_return_window,1,base_macro__fold_01__seed999__w0002,base_macro__fold_01__seed999,base_macro,macro_context,fold_01,999,2016-01-06,2016-01-04,2016-01-06,3,-0.0037967212093658,-0.0233565177057114,0.0195597964963456,0.0113785451838544,-0.001480340187645,unknown,1.0,market_regime_1,1000.0,0.0,0.0,0.0,0.0005274091143146,0.0092764204097725,0.947848099307795,0.0112835539260091,20.21000035603841,-0.0260784925503636
primitive_05,bad_or_noisy_primitive,best_excess_return_window,2,base_macro__fold_01__seed42__w0002,base_macro__fold_01__seed42,base_macro,macro_context,fold_01,42,2016-01-06,2016-01-04,2016-01-06,3,-0.0041813730902564,-0.0233565177057114,0.0191751446154549,0.011399584404829,-0.0014163458906505,unknown,1.0,market_regime_1,1100.0,0.0,0.0,0.0,0.0006886454158006,0.0102159636211986,0.9403095637833362,0.0226415737291227,20.21000035603841,-0.0260784925503636
primitive_05,bad_or_noisy_primitive,best_excess_return_window,3,base_macro__fold_01__seed999__w0006,base_macro__fold_01__seed999,base_macro,macro_context,fold_01,999,2016-01-12,2016-01-06,2016-01-12,5,-0.0080015311740696,-0.02380098824474,0.0157994570706703,-0.0051014125702988,-0.0038117425714493,unknown,0.0,market_regime_0,1000.0,0.0,0.0,0.0,0.0054602166965475,0.0371461601500193,0.8201739671989875,0.0443727020690206,23.871999740600582,-0.0557737388077091
primitive_05,bad_or_noisy_primitive,worst_excess_return_window,1,base_macro__fold_02__seed42__w0002,base_macro__fold_02__seed42,base_macro,macro_context,fold_02,42,2016-07-07,2016-07-05,2016-07-07,3,0.0043363236539859,0.015806332114458,-0.0114700084604721,3.732365916388062e-05,-0.0005812347906815,unknown,0.0,market_regime_0,1600.0,0.0,0.0,0.0,0.0012602761136547,0.0120516189388587,0.902521442220065,0.0264173266902397,15.100000063578287,0.0351024453883251
primitive_05,bad_or_noisy_primitive,worst_excess_return_window,2,base_macro__fold_02__seed999__w0002,base_macro__fold_02__seed999,base_macro,macro_context,fold_02,999,2016-07-07,2016-07-05,2016-07-07,3,0.0047881453564737,0.015806332114458,-0.0110181867579843,0.000200956154501,-0.0004176022953441,unknown,0.0,market_regime_0,1400.0,0.0,0.0,0.0,0.0014403496814202,0.0120578654634933,0.8998526087211879,0.0256203567955756,15.100000063578287,0.0351024453883251
primitive_05,bad_or_noisy_primitive,worst_excess_return_window,3,base_macro__fold_02__seed123__w0002,base_macro__fold_02__seed123,base_macro,macro_context,fold_02,123,2016-07-07,2016-07-05,2016-07-07,3,0.0052063405237408,0.015806332114458,-0.0105999915907172,0.0004551270758314,-0.0001634313740139,unknown,0.0,market_regime_0,1600.0,0.0,0.0,0.0,0.0013434195783582,0.0116915223873312,0.8975401233758017,0.02819206532667,15.100000063578287,0.0351024453883251
