run_key,feature_set,feature_family,is_negative_control,fold_id,seed,selection_rule,selected_model_type,benchmark_id,benchmark_name,benchmark_family,is_primary_benchmark,n_days,agent_return_pct,agent_sharpe,agent_max_drawdown,agent_turnover,benchmark_return_pct,benchmark_sharpe,benchmark_max_drawdown,benchmark_turnover,benchmark_transaction_cost_total,daily_excess_return_mean,daily_excess_return_sharpe,excess_return_pct,excess_sharpe,benchmark_relative_regret_return_pct,benchmark_relative_regret_sharpe,outperformed_benchmark_on_return,outperformed_benchmark_on_sharpe,hit_rate_vs_benchmark
base_macro_xsec_sector_complementarity_v2__fold_01__seed123,base_macro_xsec_sector_complementarity_v2,xsec_sector_complementarity_v2,False,fold_01,123,checkpoint_robust_score,checkpoint,dow30_equal_weight_rebalance_matched,Equal Weight Rebalance Matched,passive_rebalanced,True,62,7.367171875820522,1.9313484474012883,-0.06539722414239135,13.934426229508198,4.5775750734391885,0.7203749272039337,-0.0873341574831592,0.004611332029984715,0.0005718051717181049,0.0006769819660975491,2.146540675959314,2.7895968023813333,1.2109735201973546,-2.7895968023813333,-1.2109735201973546,True,True,0.532258064516129
base_macro_xsec_sector_complementarity_v2__fold_01__seed123,base_macro_xsec_sector_complementarity_v2,xsec_sector_complementarity_v2,False,fold_01,123,checkpoint_robust_score,checkpoint,dow30_equal_weight_vol_target,Equal Weight Vol Target,structured_risk_control,False,62,7.367171875820522,1.9313484474012883,-0.06539722414239135,13.934426229508198,4.778156254745403,1.0632156486331494,-0.06371352126772856,0.00957141332102949,0.0011868552518076569,0.000620389395213602,2.1575841708484447,2.589015621075119,0.8681327987681389,-2.589015621075119,-0.8681327987681389,True,True,0.532258064516129
base_macro_xsec_sector_complementarity_v2__fold_01__seed123,base_macro_xsec_sector_complementarity_v2,xsec_sector_complementarity_v2,False,fold_01,123,checkpoint_robust_score,checkpoint,dow30_market_proxy_buy_hold,Market Proxy Buy and Hold,passive_buy_hold,False,62,7.367171875820522,1.9313484474012883,-0.06539722414239135,13.934426229508198,3.3249656247091863,0.39891203286569105,-0.0991881494609852,0.0,0.0,0.0008952228526055816,2.8733182227809153,4.0422062511113355,1.5324364145355973,-4.0422062511113355,-1.5324364145355973,True,True,0.46774193548387094
base_macro_xsec_sector_complementarity_v2__fold_01__seed123,base_macro_xsec_sector_complementarity_v2,xsec_sector_complementarity_v2,False,fold_01,123,checkpoint_robust_score,checkpoint,dow30_trend_filter_overlay,Trend Filter Overlay,structured_trend_filter,False,62,7.367171875820522,1.9313484474012883,-0.06539722414239135,13.934426229508198,7.433256446365477,2.684650874012399,-0.012883997680726789,0.04203490395904734,0.005212328090921871,0.0003102098144922755,0.5470831840216116,-0.06608457054495531,-0.7533024266111106,0.06608457054495531,0.7533024266111106,False,False,0.5483870967741935
base_macro_xsec_sector_complementarity_v2__fold_01__seed42,base_macro_xsec_sector_complementarity_v2,xsec_sector_complementarity_v2,False,fold_01,42,checkpoint_robust_score,checkpoint,dow30_equal_weight_rebalance_matched,Equal Weight Rebalance Matched,passive_rebalanced,True,62,6.593350225720784,1.8184695785412963,-0.06662616957319634,8.672131147540984,4.5775750734391885,0.7203749272039337,-0.0873341574831592,0.004611332029984715,0.0005718051717181049,0.0005558444375870334,1.4380808901901692,2.015775152281596,1.0980946513373626,-2.015775152281596,-1.0980946513373626,True,True,0.5645161290322581
base_macro_xsec_sector_complementarity_v2__fold_01__seed42,base_macro_xsec_sector_complementarity_v2,xsec_sector_complementarity_v2,False,fold_01,42,checkpoint_robust_score,checkpoint,dow30_equal_weight_vol_target,Equal Weight Vol Target,structured_risk_control,False,62,6.593350225720784,1.8184695785412963,-0.06662616957319634,8.672131147540984,4.778156254745403,1.0632156486331494,-0.06371352126772856,0.00957141332102949,0.0011868552518076569,0.0004992518667030863,1.5132251078286152,1.8151939709753817,0.7552539299081469,-1.8151939709753817,-0.7552539299081469,True,True,0.6129032258064516
base_macro_xsec_sector_complementarity_v2__fold_01__seed42,base_macro_xsec_sector_complementarity_v2,xsec_sector_complementarity_v2,False,fold_01,42,checkpoint_robust_score,checkpoint,dow30_market_proxy_buy_hold,Market Proxy Buy and Hold,passive_buy_hold,False,62,6.593350225720784,1.8184695785412963,-0.06662616957319634,8.672131147540984,3.3249656247091863,0.39891203286569105,-0.0991881494609852,0.0,0.0,0.0007740853240950666,2.0483515422471474,3.268384601011598,1.4195575456756053,-3.268384601011598,-1.4195575456756053,True,True,0.5645161290322581
base_macro_xsec_sector_complementarity_v2__fold_01__seed42,base_macro_xsec_sector_complementarity_v2,xsec_sector_complementarity_v2,False,fold_01,42,checkpoint_robust_score,checkpoint,dow30_trend_filter_overlay,Trend Filter Overlay,structured_trend_filter,False,62,6.593350225720784,1.8184695785412963,-0.06662616957319634,8.672131147540984,7.433256446365477,2.684650874012399,-0.012883997680726789,0.04203490395904734,0.005212328090921871,0.0001890722859817601,0.3355195034481057,-0.8399062206446928,-0.8661812954711026,0.8399062206446928,0.8661812954711026,False,False,0.5645161290322581
base_macro_xsec_sector_complementarity_v2__fold_01__seed999,base_macro_xsec_sector_complementarity_v2,xsec_sector_complementarity_v2,False,fold_01,999,checkpoint_robust_score,checkpoint,dow30_equal_weight_rebalance_matched,Equal Weight Rebalance Matched,passive_rebalanced,True,62,5.58975510861397,1.3614679254063535,-0.07376994671647841,35.204918032786885,4.5775750734391885,0.7203749272039337,-0.0873341574831592,0.004611332029984715,0.0005718051717181049,0.0004189528203831711,1.5272002016134079,1.0121800351747812,0.6410929982024198,-1.0121800351747812,-0.6410929982024198,True,True,0.532258064516129
base_macro_xsec_sector_complementarity_v2__fold_01__seed999,base_macro_xsec_sector_complementarity_v2,xsec_sector_complementarity_v2,False,fold_01,999,checkpoint_robust_score,checkpoint,dow30_equal_weight_vol_target,Equal Weight Vol Target,structured_risk_control,False,62,5.58975510861397,1.3614679254063535,-0.07376994671647841,35.204918032786885,4.778156254745403,1.0632156486331494,-0.06371352126772856,0.00957141332102949,0.0011868552518076569,0.000362360249499224,1.2172472823892804,0.811598853868567,0.2982522767732041,-0.811598853868567,-0.2982522767732041,True,True,0.5
base_macro_xsec_sector_complementarity_v2__fold_01__seed999,base_macro_xsec_sector_complementarity_v2,xsec_sector_complementarity_v2,False,fold_01,999,checkpoint_robust_score,checkpoint,dow30_market_proxy_buy_hold,Market Proxy Buy and Hold,passive_buy_hold,False,62,5.58975510861397,1.3614679254063535,-0.07376994671647841,35.204918032786885,3.3249656247091863,0.39891203286569105,-0.0991881494609852,0.0,0.0,0.0006371937068912039,2.0080240094369692,2.2647894839047833,0.9625558925406625,-2.2647894839047833,-0.9625558925406625,True,True,0.46774193548387094
base_macro_xsec_sector_complementarity_v2__fold_01__seed999,base_macro_xsec_sector_complementarity_v2,xsec_sector_complementarity_v2,False,fold_01,999,checkpoint_robust_score,checkpoint,dow30_trend_filter_overlay,Trend Filter Overlay,structured_trend_filter,False,62,5.58975510861397,1.3614679254063535,-0.07376994671647841,35.204918032786885,7.433256446365477,2.684650874012399,-0.012883997680726789,0.04203490395904734,0.005212328090921871,5.2180668777897656e-05,0.08065029777622669,-1.8435013377515075,-1.3231829486060454,1.8435013377515075,1.3231829486060454,False,False,0.5483870967741935
base_macro_xsec_sector_complementarity_v2__fold_02__seed123,base_macro_xsec_sector_complementarity_v2,xsec_sector_complementarity_v2,False,fold_02,123,checkpoint_robust_score,checkpoint,dow30_equal_weight_rebalance_matched,Equal Weight Rebalance Matched,passive_rebalanced,True,64,1.1033328073551507,0.5264908364214981,-0.026683195525216363,12.507936507936508,4.151995687307863,1.5240847465316727,-0.02597669502770339,0.0026979915686282828,0.00034534292078442023,-0.00038623916843220235,-2.4592133946429446,-3.0486628799527127,-0.9975939101101746,3.0486628799527127,0.9975939101101746,False,False,0.5
base_macro_xsec_sector_complementarity_v2__fold_02__seed123,base_macro_xsec_sector_complementarity_v2,xsec_sector_complementarity_v2,False,fold_02,123,checkpoint_robust_score,checkpoint,dow30_equal_weight_vol_target,Equal Weight Vol Target,structured_risk_control,False,64,1.1033328073551507,0.5264908364214981,-0.026683195525216363,12.507936507936508,3.6605524051908533,1.371657811116517,-0.025976695027702945,0.004567654857737278,0.0005846598217903716,-0.0003177586463171552,-2.1566362670779986,-2.5572195978357026,-0.8451669746950189,2.5572195978357026,0.8451669746950189,False,False,0.5
base_macro_xsec_sector_complementarity_v2__fold_02__seed123,base_macro_xsec_sector_complementarity_v2,xsec_sector_complementarity_v2,False,fold_02,123,checkpoint_robust_score,checkpoint,dow30_market_proxy_buy_hold,Market Proxy Buy and Hold,passive_buy_hold,False,64,1.1033328073551507,0.5264908364214981,-0.026683195525216363,12.507936507936508,3.456395280890856,1.3180221991745606,-0.030684356573299265,0.0,0.0,-0.0003006534526693728,-1.8442907426899264,-2.3530624735357053,-0.7915313627530626,2.3530624735357053,0.7915313627530626,False,False,0.5
base_macro_xsec_sector_complementarity_v2__fold_02__seed123,base_macro_xsec_sector_complementarity_v2,xsec_sector_complementarity_v2,False,fold_02,123,checkpoint_robust_score,checkpoint,dow30_trend_filter_overlay,Trend Filter Overlay,structured_trend_filter,False,64,1.1033328073551507,0.5264908364214981,-0.026683195525216363,12.507936507936508,-3.6588089722012884,-2.402093570485383,-0.04670196791037706,0.07169711325138103,0.009177230496176771,0.0007624852606735635,2.704123269518526,4.762141779556439,2.9285844069068814,-4.762141779556439,-2.9285844069068814,True,True,0.65625
base_macro_xsec_sector_complementarity_v2__fold_02__seed42,base_macro_xsec_sector_complementarity_v2,xsec_sector_complementarity_v2,False,fold_02,42,checkpoint_robust_score,checkpoint,dow30_equal_weight_rebalance_matched,Equal Weight Rebalance Matched,passive_rebalanced,True,64,0.39149204649466807,0.21896000207716987,-0.0348740182541053,9.523809523809524,4.151995687307863,1.5240847465316727,-0.02597669502770339,0.0026979915686282828,0.00034534292078442023,-0.0004973153804591574,-3.2351060199419854,-3.7605036408131953,-1.3051247444545029,3.7605036408131953,1.3051247444545029,False,False,0.4375
base_macro_xsec_sector_complementarity_v2__fold_02__seed42,base_macro_xsec_sector_complementarity_v2,xsec_sector_complementarity_v2,False,fold_02,42,checkpoint_robust_score,checkpoint,dow30_equal_weight_vol_target,Equal Weight Vol Target,structured_risk_control,False,64,0.39149204649466807,0.21896000207716987,-0.0348740182541053,9.523809523809524,3.6605524051908533,1.371657811116517,-0.025976695027702945,0.004567654857737278,0.0005846598217903716,-0.00042883485834411015,-3.022138919893031,-3.2690603586961853,-1.1526978090393472,3.2690603586961853,1.1526978090393472,False,False,0.4375
base_macro_xsec_sector_complementarity_v2__fold_02__seed42,base_macro_xsec_sector_complementarity_v2,xsec_sector_complementarity_v2,False,fold_02,42,checkpoint_robust_score,checkpoint,dow30_market_proxy_buy_hold,Market Proxy Buy and Hold,passive_buy_hold,False,64,0.39149204649466807,0.21896000207716987,-0.0348740182541053,9.523809523809524,3.456395280890856,1.3180221991745606,-0.030684356573299265,0.0,0.0,-0.0004117296646963277,-2.8578273630370337,-3.064903234396188,-1.0990621970973908,3.064903234396188,1.0990621970973908,False,False,0.453125
base_macro_xsec_sector_complementarity_v2__fold_02__seed42,base_macro_xsec_sector_complementarity_v2,xsec_sector_complementarity_v2,False,fold_02,42,checkpoint_robust_score,checkpoint,dow30_trend_filter_overlay,Trend Filter Overlay,structured_trend_filter,False,64,0.39149204649466807,0.21896000207716987,-0.0348740182541053,9.523809523809524,-3.6588089722012884,-2.402093570485383,-0.04670196791037706,0.07169711325138103,0.009177230496176771,0.0006514090486466086,2.4196922163549486,4.050301018695956,2.6210535725625532,-4.050301018695956,-2.6210535725625532,True,True,0.578125
base_macro_xsec_sector_complementarity_v2__fold_02__seed999,base_macro_xsec_sector_complementarity_v2,xsec_sector_complementarity_v2,False,fold_02,999,checkpoint_robust_score,checkpoint,dow30_equal_weight_rebalance_matched,Equal Weight Rebalance Matched,passive_rebalanced,True,64,2.495473639302226,1.0843303544767413,-0.034161828861581145,15.412698412698413,4.151995687307863,1.5240847465316727,-0.02597669502770339,0.0026979915686282828,0.00034534292078442023,-0.0001711239980195756,-1.1284513865335264,-1.6565220480056375,-0.4397543920549314,1.6565220480056375,0.4397543920549314,False,False,0.4375
base_macro_xsec_sector_complementarity_v2__fold_02__seed999,base_macro_xsec_sector_complementarity_v2,xsec_sector_complementarity_v2,False,fold_02,999,checkpoint_robust_score,checkpoint,dow30_equal_weight_vol_target,Equal Weight Vol Target,structured_risk_control,False,64,2.495473639302226,1.0843303544767413,-0.034161828861581145,15.412698412698413,3.6605524051908533,1.371657811116517,-0.025976695027702945,0.004567654857737278,0.0005846598217903716,-0.00010264347590452839,-0.7337677728144478,-1.1650787658886275,-0.28732745663977566,1.1650787658886275,0.28732745663977566,False,False,0.4375
base_macro_xsec_sector_complementarity_v2__fold_02__seed999,base_macro_xsec_sector_complementarity_v2,xsec_sector_complementarity_v2,False,fold_02,999,checkpoint_robust_score,checkpoint,dow30_market_proxy_buy_hold,Market Proxy Buy and Hold,passive_buy_hold,False,64,2.495473639302226,1.0843303544767413,-0.034161828861581145,15.412698412698413,3.456395280890856,1.3180221991745606,-0.030684356573299265,0.0,0.0,-8.553828225674594e-05,-0.5655100714067154,-0.9609216415886301,-0.23369184469781934,0.9609216415886301,0.23369184469781934,False,False,0.40625
base_macro_xsec_sector_complementarity_v2__fold_02__seed999,base_macro_xsec_sector_complementarity_v2,xsec_sector_complementarity_v2,False,fold_02,999,checkpoint_robust_score,checkpoint,dow30_trend_filter_overlay,Trend Filter Overlay,structured_trend_filter,False,64,2.495473639302226,1.0843303544767413,-0.034161828861581145,15.412698412698413,-3.6588089722012884,-2.402093570485383,-0.04670196791037706,0.07169711325138103,0.009177230496176771,0.0009776004310861903,3.4865461494083245,6.154282611503515,3.4864239249621245,-6.154282611503515,-3.4864239249621245,True,True,0.53125
base_macro_xsec_sector_complementarity_v2__fold_03__seed123,base_macro_xsec_sector_complementarity_v2,xsec_sector_complementarity_v2,False,fold_03,123,checkpoint_robust_score,best_model,dow30_equal_weight_rebalance_matched,Equal Weight Rebalance Matched,passive_rebalanced,True,62,4.2960550199814485,2.532443348886528,-0.02776225364385665,9.836065573770492,5.669794204618395,4.067408498743239,-0.02392067092113981,0.0027503027692098404,0.00034103754338202013,-0.0002818964717122617,-2.4672841195423385,-1.3737391846369462,-1.5349651498567112,1.3737391846369462,1.5349651498567112,False,False,0.46774193548387094
base_macro_xsec_sector_complementarity_v2__fold_03__seed123,base_macro_xsec_sector_complementarity_v2,xsec_sector_complementarity_v2,False,fold_03,123,checkpoint_robust_score,best_model,dow30_equal_weight_vol_target,Equal Weight Vol Target,structured_risk_control,False,62,4.2960550199814485,2.532443348886528,-0.02776225364385665,9.836065573770492,5.669794204618328,4.067408498743239,-0.02392067092114003,0.0027503027692098404,0.00034103754338202013,-0.0002818964717122617,-2.4672841195423385,-1.3737391846368796,-1.5349651498567112,1.3737391846368796,1.5349651498567112,False,False,0.46774193548387094
base_macro_xsec_sector_complementarity_v2__fold_03__seed123,base_macro_xsec_sector_complementarity_v2,xsec_sector_complementarity_v2,False,fold_03,123,checkpoint_robust_score,best_model,dow30_market_proxy_buy_hold,Market Proxy Buy and Hold,passive_buy_hold,False,62,4.2960550199814485,2.532443348886528,-0.02776225364385665,9.836065573770492,7.090829156741729,5.0924005668221675,-0.019717038313999402,0.0,0.0,-0.0005136091386372089,-4.6715133412312735,-2.7947741367602807,-2.5599572179356396,2.7947741367602807,2.5599572179356396,False,False,0.4032258064516129
base_macro_xsec_sector_complementarity_v2__fold_03__seed123,base_macro_xsec_sector_complementarity_v2,xsec_sector_complementarity_v2,False,fold_03,123,checkpoint_robust_score,best_model,dow30_trend_filter_overlay,Trend Filter Overlay,structured_trend_filter,False,62,4.2960550199814485,2.532443348886528,-0.02776225364385665,9.836065573770492,5.430501666668519,4.038401449403397,-0.02014071492773184,0.01047047091243348,0.0012983383931417516,-0.0002448554165270182,-1.7956346516919797,-1.1344466466870706,-1.5059581005168687,1.1344466466870706,1.5059581005168687,False,False,0.43548387096774194
base_macro_xsec_sector_complementarity_v2__fold_03__seed42,base_macro_xsec_sector_complementarity_v2,xsec_sector_complementarity_v2,False,fold_03,42,checkpoint_robust_score,checkpoint,dow30_equal_weight_rebalance_matched,Equal Weight Rebalance Matched,passive_rebalanced,True,62,3.2707307786079998,1.575473574166087,-0.03883161729438034,14.901639344262295,5.669794204618395,4.067408498743239,-0.02392067092113981,0.0027503027692098404,0.00034103754338202013,-0.0004361780835927308,-2.840077556991488,-2.399063426010395,-2.4919349245771523,2.399063426010395,2.4919349245771523,False,False,0.3870967741935484
base_macro_xsec_sector_complementarity_v2__fold_03__seed42,base_macro_xsec_sector_complementarity_v2,xsec_sector_complementarity_v2,False,fold_03,42,checkpoint_robust_score,checkpoint,dow30_equal_weight_vol_target,Equal Weight Vol Target,structured_risk_control,False,62,3.2707307786079998,1.575473574166087,-0.03883161729438034,14.901639344262295,5.669794204618328,4.067408498743239,-0.02392067092114003,0.0027503027692098404,0.00034103754338202013,-0.0004361780835927308,-2.840077556991488,-2.3990634260103283,-2.4919349245771523,2.3990634260103283,2.4919349245771523,False,False,0.3870967741935484
base_macro_xsec_sector_complementarity_v2__fold_03__seed42,base_macro_xsec_sector_complementarity_v2,xsec_sector_complementarity_v2,False,fold_03,42,checkpoint_robust_score,checkpoint,dow30_market_proxy_buy_hold,Market Proxy Buy and Hold,passive_buy_hold,False,62,3.2707307786079998,1.575473574166087,-0.03883161729438034,14.901639344262295,7.090829156741729,5.0924005668221675,-0.019717038313999402,0.0,0.0,-0.0006678907505176777,-3.975603056185154,-3.8200983781337294,-3.5169269926560807,3.8200983781337294,3.5169269926560807,False,False,0.3870967741935484
base_macro_xsec_sector_complementarity_v2__fold_03__seed42,base_macro_xsec_sector_complementarity_v2,xsec_sector_complementarity_v2,False,fold_03,42,checkpoint_robust_score,checkpoint,dow30_trend_filter_overlay,Trend Filter Overlay,structured_trend_filter,False,62,3.2707307786079998,1.575473574166087,-0.03883161729438034,14.901639344262295,5.430501666668519,4.038401449403397,-0.02014071492773184,0.01047047091243348,0.0012983383931417516,-0.00039913702840748723,-2.269536003732376,-2.1597708880605193,-2.46292787523731,2.1597708880605193,2.46292787523731,False,False,0.3709677419354839
base_macro_xsec_sector_complementarity_v2__fold_03__seed999,base_macro_xsec_sector_complementarity_v2,xsec_sector_complementarity_v2,False,fold_03,999,checkpoint_robust_score,checkpoint,dow30_equal_weight_rebalance_matched,Equal Weight Rebalance Matched,passive_rebalanced,True,62,3.0749044518349145,1.7737681490358865,-0.03169804340211879,13.278688524590164,5.669794204618395,4.067408498743239,-0.02392067092113981,0.0027503027692098404,0.00034103754338202013,-0.0004713180092935241,-3.7138664843150218,-2.59488975278348,-2.2936403497073528,2.59488975278348,2.2936403497073528,False,False,0.43548387096774194
base_macro_xsec_sector_complementarity_v2__fold_03__seed999,base_macro_xsec_sector_complementarity_v2,xsec_sector_complementarity_v2,False,fold_03,999,checkpoint_robust_score,checkpoint,dow30_equal_weight_vol_target,Equal Weight Vol Target,structured_risk_control,False,62,3.0749044518349145,1.7737681490358865,-0.03169804340211879,13.278688524590164,5.669794204618328,4.067408498743239,-0.02392067092114003,0.0027503027692098404,0.00034103754338202013,-0.0004713180092935241,-3.7138664843150218,-2.5948897527834136,-2.2936403497073528,2.5948897527834136,2.2936403497073528,False,False,0.43548387096774194
base_macro_xsec_sector_complementarity_v2__fold_03__seed999,base_macro_xsec_sector_complementarity_v2,xsec_sector_complementarity_v2,False,fold_03,999,checkpoint_robust_score,checkpoint,dow30_market_proxy_buy_hold,Market Proxy Buy and Hold,passive_buy_hold,False,62,3.0749044518349145,1.7737681490358865,-0.03169804340211879,13.278688524590164,7.090829156741729,5.0924005668221675,-0.019717038313999402,0.0,0.0,-0.000703030676218471,-5.472499896541494,-4.015924704906815,-3.318632417786281,4.015924704906815,3.318632417786281,False,False,0.3225806451612903
base_macro_xsec_sector_complementarity_v2__fold_03__seed999,base_macro_xsec_sector_complementarity_v2,xsec_sector_complementarity_v2,False,fold_03,999,checkpoint_robust_score,checkpoint,dow30_trend_filter_overlay,Trend Filter Overlay,structured_trend_filter,False,62,3.0749044518349145,1.7737681490358865,-0.03169804340211879,13.278688524590164,5.430501666668519,4.038401449403397,-0.02014071492773184,0.01047047091243348,0.0012983383931417516,-0.00043427695410828054,-2.8977848605826493,-2.3555972148336046,-2.2646333003675103,2.3555972148336046,2.2646333003675103,False,False,0.43548387096774194
base_macro_xsec_sector_complementarity_v2__fold_04__seed123,base_macro_xsec_sector_complementarity_v2,xsec_sector_complementarity_v2,False,fold_04,123,checkpoint_robust_score,checkpoint,dow30_equal_weight_rebalance_matched,Equal Weight Rebalance Matched,passive_rebalanced,True,64,0.19062841729202695,3.4235435449212877,-0.00058703610864419,0.0,6.184681554026161,3.7725813323448136,-0.01927595496702894,0.002957974327769496,0.00037862071395449554,-0.0009495962121173526,-3.728064088681782,-5.994053136734134,-0.349037787423526,5.994053136734134,0.349037787423526,False,False,0.3125
base_macro_xsec_sector_complementarity_v2__fold_04__seed123,base_macro_xsec_sector_complementarity_v2,xsec_sector_complementarity_v2,False,fold_04,123,checkpoint_robust_score,checkpoint,dow30_equal_weight_vol_target,Equal Weight Vol Target,structured_risk_control,False,64,0.19062841729202695,3.4235435449212877,-0.00058703610864419,0.0,6.1846815540261835,3.7725813323448136,-0.019275954967028608,0.002957974327769496,0.00037862071395449554,-0.0009495962121173526,-3.728064088681782,-5.9940531367341565,-0.349037787423526,5.9940531367341565,0.349037787423526,False,False,0.3125
base_macro_xsec_sector_complementarity_v2__fold_04__seed123,base_macro_xsec_sector_complementarity_v2,xsec_sector_complementarity_v2,False,fold_04,123,checkpoint_robust_score,checkpoint,dow30_market_proxy_buy_hold,Market Proxy Buy and Hold,passive_buy_hold,False,64,0.19062841729202695,3.4235435449212877,-0.00058703610864419,0.0,6.20188260241985,3.7252263573194626,-0.019446289183368548,0.0,0.0,-0.0009728776771473429,-3.685312275768043,-6.011254185127823,-0.30168281239817496,6.011254185127823,0.30168281239817496,False,False,0.328125
base_macro_xsec_sector_complementarity_v2__fold_04__seed123,base_macro_xsec_sector_complementarity_v2,xsec_sector_complementarity_v2,False,fold_04,123,checkpoint_robust_score,checkpoint,dow30_trend_filter_overlay,Trend Filter Overlay,structured_trend_filter,False,64,0.19062841729202695,3.4235435449212877,-0.00058703610864419,0.0,5.131620620692834,3.318101063173315,-0.01927595496702883,0.03370674236244743,0.004314463022393271,-0.0007929807974246992,-3.257623405986845,-4.940992203400807,0.10544248174797266,4.940992203400807,-0.10544248174797266,False,True,0.34375
base_macro_xsec_sector_complementarity_v2__fold_04__seed42,base_macro_xsec_sector_complementarity_v2,xsec_sector_complementarity_v2,False,fold_04,42,checkpoint_robust_score,best_model,dow30_equal_weight_rebalance_matched,Equal Weight Rebalance Matched,passive_rebalanced,True,64,9.021653348367886,4.708670397220451,-0.014073920922174743,8.88888888888889,6.184681554026161,3.7725813323448136,-0.01927595496702894,0.002957974327769496,0.00037862071395449554,0.0003816854876536302,1.8845713442748355,2.836971794341725,0.9360890648756373,-2.836971794341725,-0.9360890648756373,True,True,0.5
base_macro_xsec_sector_complementarity_v2__fold_04__seed42,base_macro_xsec_sector_complementarity_v2,xsec_sector_complementarity_v2,False,fold_04,42,checkpoint_robust_score,best_model,dow30_equal_weight_vol_target,Equal Weight Vol Target,structured_risk_control,False,64,9.021653348367886,4.708670397220451,-0.014073920922174743,8.88888888888889,6.1846815540261835,3.7725813323448136,-0.019275954967028608,0.002957974327769496,0.00037862071395449554,0.0003816854876536302,1.8845713442748355,2.8369717943417028,0.9360890648756373,-2.8369717943417028,-0.9360890648756373,True,True,0.5
base_macro_xsec_sector_complementarity_v2__fold_04__seed42,base_macro_xsec_sector_complementarity_v2,xsec_sector_complementarity_v2,False,fold_04,42,checkpoint_robust_score,best_model,dow30_market_proxy_buy_hold,Market Proxy Buy and Hold,passive_buy_hold,False,64,9.021653348367886,4.708670397220451,-0.014073920922174743,8.88888888888889,6.20188260241985,3.7252263573194626,-0.019446289183368548,0.0,0.0,0.0003584040226236397,1.818616731657391,2.819770745948036,0.9834440399009883,-2.819770745948036,-0.9834440399009883,True,True,0.46875
base_macro_xsec_sector_complementarity_v2__fold_04__seed42,base_macro_xsec_sector_complementarity_v2,xsec_sector_complementarity_v2,False,fold_04,42,checkpoint_robust_score,best_model,dow30_trend_filter_overlay,Trend Filter Overlay,structured_trend_filter,False,64,9.021653348367886,4.708670397220451,-0.014073920922174743,8.88888888888889,5.131620620692834,3.318101063173315,-0.01927595496702883,0.03370674236244743,0.004314463022393271,0.0005383009023462834,2.47973371346406,3.8900327276750524,1.390569334047136,-3.8900327276750524,-1.390569334047136,True,True,0.5625
base_macro_xsec_sector_complementarity_v2__fold_04__seed999,base_macro_xsec_sector_complementarity_v2,xsec_sector_complementarity_v2,False,fold_04,999,checkpoint_robust_score,checkpoint,dow30_equal_weight_rebalance_matched,Equal Weight Rebalance Matched,passive_rebalanced,True,64,10.01309402721635,5.513913603423441,-0.02200316247583778,11.11111111111111,6.184681554026161,3.7725813323448136,-0.01927595496702894,0.002957974327769496,0.00037862071395449554,0.000522169678124963,3.0824322690323376,3.8284124731901894,1.741332271078627,-3.8284124731901894,-1.741332271078627,True,True,0.59375
base_macro_xsec_sector_complementarity_v2__fold_04__seed999,base_macro_xsec_sector_complementarity_v2,xsec_sector_complementarity_v2,False,fold_04,999,checkpoint_robust_score,checkpoint,dow30_equal_weight_vol_target,Equal Weight Vol Target,structured_risk_control,False,64,10.01309402721635,5.513913603423441,-0.02200316247583778,11.11111111111111,6.1846815540261835,3.7725813323448136,-0.019275954967028608,0.002957974327769496,0.00037862071395449554,0.000522169678124963,3.0824322690323376,3.828412473190167,1.741332271078627,-3.828412473190167,-1.741332271078627,True,True,0.59375
base_macro_xsec_sector_complementarity_v2__fold_04__seed999,base_macro_xsec_sector_complementarity_v2,xsec_sector_complementarity_v2,False,fold_04,999,checkpoint_robust_score,checkpoint,dow30_market_proxy_buy_hold,Market Proxy Buy and Hold,passive_buy_hold,False,64,10.01309402721635,5.513913603423441,-0.02200316247583778,11.11111111111111,6.20188260241985,3.7252263573194626,-0.019446289183368548,0.0,0.0,0.0004988882130949726,2.9353863585806126,3.8112114247965003,1.788687246103978,-3.8112114247965003,-1.788687246103978,True,True,0.578125
base_macro_xsec_sector_complementarity_v2__fold_04__seed999,base_macro_xsec_sector_complementarity_v2,xsec_sector_complementarity_v2,False,fold_04,999,checkpoint_robust_score,checkpoint,dow30_trend_filter_overlay,Trend Filter Overlay,structured_trend_filter,False,64,10.01309402721635,5.513913603423441,-0.02200316247583778,11.11111111111111,5.131620620692834,3.318101063173315,-0.01927595496702883,0.03370674236244743,0.004314463022393271,0.0006787850928176162,3.752103071524417,4.881473406523517,2.1958125402501256,-4.881473406523517,-2.1958125402501256,True,True,0.640625
base_macro_xsec_sector_complementarity_v2__fold_05__seed123,base_macro_xsec_sector_complementarity_v2,xsec_sector_complementarity_v2,False,fold_05,123,checkpoint_robust_score,checkpoint,dow30_equal_weight_rebalance_matched,Equal Weight Rebalance Matched,passive_rebalanced,True,61,-1.8815402103786072,-0.22666961986261708,-0.09190897296577794,13.0,-2.197904046653143,-0.21102849962765233,-0.1018104651132864,0.004006614550557066,0.000488806975167962,-2.9091893484849505e-05,-0.131225259766511,0.3163638362745358,-0.01564112023496475,-0.3163638362745358,0.01564112023496475,True,False,0.4426229508196721
base_macro_xsec_sector_complementarity_v2__fold_05__seed123,base_macro_xsec_sector_complementarity_v2,xsec_sector_complementarity_v2,False,fold_05,123,checkpoint_robust_score,checkpoint,dow30_equal_weight_vol_target,Equal Weight Vol Target,structured_risk_control,False,61,-1.8815402103786072,-0.22666961986261708,-0.09190897296577794,13.0,-4.085857893203537,-0.7488947456175344,-0.11270866882764441,0.01266255195701421,0.0015448313387557344,0.0003175771042028331,1.0041189519075113,2.2043176828249296,0.5222251257549173,-2.2043176828249296,-0.5222251257549173,True,True,0.47540983606557374
base_macro_xsec_sector_complementarity_v2__fold_05__seed123,base_macro_xsec_sector_complementarity_v2,xsec_sector_complementarity_v2,False,fold_05,123,checkpoint_robust_score,checkpoint,dow30_market_proxy_buy_hold,Market Proxy Buy and Hold,passive_buy_hold,False,61,-1.8815402103786072,-0.22666961986261708,-0.09190897296577794,13.0,-0.4746316710954268,0.12153369990283441,-0.09755224538655749,0.0,0.0,-0.0003113983602031661,-1.5590344225696617,-1.4069085392831804,-0.3482033197654515,1.4069085392831804,0.3482033197654515,False,False,0.4262295081967213
base_macro_xsec_sector_complementarity_v2__fold_05__seed123,base_macro_xsec_sector_complementarity_v2,xsec_sector_complementarity_v2,False,fold_05,123,checkpoint_robust_score,checkpoint,dow30_trend_filter_overlay,Trend Filter Overlay,structured_trend_filter,False,61,-1.8815402103786072,-0.22666961986261708,-0.09190897296577794,13.0,-5.752357063965241,-1.577648897384811,-0.11597939523583212,0.04285051664656708,0.005227763030881185,0.0006309449718270099,0.8842884913527276,3.870816853586634,1.350979277522194,-3.870816853586634,-1.350979277522194,True,True,0.47540983606557374
base_macro_xsec_sector_complementarity_v2__fold_05__seed42,base_macro_xsec_sector_complementarity_v2,xsec_sector_complementarity_v2,False,fold_05,42,checkpoint_robust_score,checkpoint,dow30_equal_weight_rebalance_matched,Equal Weight Rebalance Matched,passive_rebalanced,True,61,-3.7716568779582405,-0.6466590384631972,-0.10285381250378034,12.5,-2.197904046653143,-0.21102849962765233,-0.1018104651132864,0.004006614550557066,0.000488806975167962,-0.0003639592739355434,-2.4945744655061546,-1.5737528313050975,-0.4356305388355448,1.5737528313050975,0.4356305388355448,False,False,0.4426229508196721
base_macro_xsec_sector_complementarity_v2__fold_05__seed42,base_macro_xsec_sector_complementarity_v2,xsec_sector_complementarity_v2,False,fold_05,42,checkpoint_robust_score,checkpoint,dow30_equal_weight_vol_target,Equal Weight Vol Target,structured_risk_control,False,61,-3.7716568779582405,-0.6466590384631972,-0.10285381250378034,12.5,-4.085857893203537,-0.7488947456175344,-0.11270866882764441,0.01266255195701421,0.0015448313387557344,-1.729027624786086e-05,-0.06692787056064081,0.3142010152452963,0.10223570715433727,-0.3142010152452963,-0.10223570715433727,True,True,0.4918032786885246
base_macro_xsec_sector_complementarity_v2__fold_05__seed42,base_macro_xsec_sector_complementarity_v2,xsec_sector_complementarity_v2,False,fold_05,42,checkpoint_robust_score,checkpoint,dow30_market_proxy_buy_hold,Market Proxy Buy and Hold,passive_buy_hold,False,61,-3.7716568779582405,-0.6466590384631972,-0.10285381250378034,12.5,-0.4746316710954268,0.12153369990283441,-0.09755224538655749,0.0,0.0,-0.0006462657406538601,-3.9150263241218473,-3.2970252068628136,-0.7681927383660316,3.2970252068628136,0.7681927383660316,False,False,0.39344262295081966
base_macro_xsec_sector_complementarity_v2__fold_05__seed42,base_macro_xsec_sector_complementarity_v2,xsec_sector_complementarity_v2,False,fold_05,42,checkpoint_robust_score,checkpoint,dow30_trend_filter_overlay,Trend Filter Overlay,structured_trend_filter,False,61,-3.7716568779582405,-0.6466590384631972,-0.10285381250378034,12.5,-5.752357063965241,-1.577648897384811,-0.11597939523583212,0.04285051664656708,0.005227763030881185,0.0002960775913763161,0.43981163452902905,1.9807001860070006,0.9309898589216139,-1.9807001860070006,-0.9309898589216139,True,True,0.4918032786885246
base_macro_xsec_sector_complementarity_v2__fold_05__seed999,base_macro_xsec_sector_complementarity_v2,xsec_sector_complementarity_v2,False,fold_05,999,checkpoint_robust_score,checkpoint,dow30_equal_weight_rebalance_matched,Equal Weight Rebalance Matched,passive_rebalanced,True,61,-3.0042786998115134,-0.4878889554357402,-0.09566133520564113,10.833333333333334,-2.197904046653143,-0.21102849962765233,-0.1018104651132864,0.004006614550557066,0.000488806975167962,-0.00023299605483949112,-1.3232871548393308,-0.8063746531583704,-0.2768604558080878,0.8063746531583704,0.2768604558080878,False,False,0.5081967213114754
base_macro_xsec_sector_complementarity_v2__fold_05__seed999,base_macro_xsec_sector_complementarity_v2,xsec_sector_complementarity_v2,False,fold_05,999,checkpoint_robust_score,checkpoint,dow30_equal_weight_vol_target,Equal Weight Vol Target,structured_risk_control,False,61,-3.0042786998115134,-0.4878889554357402,-0.09566133520564113,10.833333333333334,-4.085857893203537,-0.7488947456175344,-0.11270866882764441,0.01266255195701421,0.0015448313387557344,0.0001136729428481914,0.41112477166914907,1.0815791933920234,0.26100579018179426,-1.0815791933920234,-0.26100579018179426,True,True,0.5245901639344263
base_macro_xsec_sector_complementarity_v2__fold_05__seed999,base_macro_xsec_sector_complementarity_v2,xsec_sector_complementarity_v2,False,fold_05,999,checkpoint_robust_score,checkpoint,dow30_market_proxy_buy_hold,Market Proxy Buy and Hold,passive_buy_hold,False,61,-3.0042786998115134,-0.4878889554357402,-0.09566133520564113,10.833333333333334,-0.4746316710954268,0.12153369990283441,-0.09755224538655749,0.0,0.0,-0.0005153025215578079,-2.627607962304405,-2.5296470287160866,-0.6094226553385746,2.5296470287160866,0.6094226553385746,False,False,0.5245901639344263
base_macro_xsec_sector_complementarity_v2__fold_05__seed999,base_macro_xsec_sector_complementarity_v2,xsec_sector_complementarity_v2,False,fold_05,999,checkpoint_robust_score,checkpoint,dow30_trend_filter_overlay,Trend Filter Overlay,structured_trend_filter,False,61,-3.0042786998115134,-0.4878889554357402,-0.09566133520564113,10.833333333333334,-5.752357063965241,-1.577648897384811,-0.11597939523583212,0.04285051664656708,0.005227763030881185,0.0004270408104723683,0.6150493974501877,2.7480783641537276,1.0897599419490709,-2.7480783641537276,-1.0897599419490709,True,True,0.5245901639344263
base_macro_xsec_sector_complementarity_v2__fold_06__seed123,base_macro_xsec_sector_complementarity_v2,xsec_sector_complementarity_v2,False,fold_06,123,checkpoint_robust_score,checkpoint,dow30_equal_weight_rebalance_matched,Equal Weight Rebalance Matched,passive_rebalanced,True,64,7.823019524626518,4.037202596354516,-0.02076958655428829,12.698412698412698,10.668136048268352,5.988361923127513,-0.013054279731453344,0.0034908641737591735,0.00044683061424117426,-0.0005430343043727968,-3.129273874154535,-2.845116523641834,-1.9511593267729976,2.845116523641834,1.9511593267729976,False,False,0.421875
base_macro_xsec_sector_complementarity_v2__fold_06__seed123,base_macro_xsec_sector_complementarity_v2,xsec_sector_complementarity_v2,False,fold_06,123,checkpoint_robust_score,checkpoint,dow30_equal_weight_vol_target,Equal Weight Vol Target,structured_risk_control,False,64,7.823019524626518,4.037202596354516,-0.02076958655428829,12.698412698412698,10.668136048268352,5.988361923127513,-0.013054279731453344,0.0034908641737591735,0.00044683061424117426,-0.0005430343043727968,-3.129273874154535,-2.845116523641834,-1.9511593267729976,2.845116523641834,1.9511593267729976,False,False,0.421875
base_macro_xsec_sector_complementarity_v2__fold_06__seed123,base_macro_xsec_sector_complementarity_v2,xsec_sector_complementarity_v2,False,fold_06,123,checkpoint_robust_score,checkpoint,dow30_market_proxy_buy_hold,Market Proxy Buy and Hold,passive_buy_hold,False,64,7.823019524626518,4.037202596354516,-0.02076958655428829,12.698412698412698,11.78157859623341,5.896917354429322,-0.018542858767121806,0.0,0.0,-0.0006929883580179599,-4.316135505822237,-3.958559071606893,-1.859714758074806,3.958559071606893,1.859714758074806,False,False,0.34375
base_macro_xsec_sector_complementarity_v2__fold_06__seed123,base_macro_xsec_sector_complementarity_v2,xsec_sector_complementarity_v2,False,fold_06,123,checkpoint_robust_score,checkpoint,dow30_trend_filter_overlay,Trend Filter Overlay,structured_trend_filter,False,64,7.823019524626518,4.037202596354516,-0.02076958655428829,12.698412698412698,7.95104578543262,4.900669078218845,-0.013054279731453344,0.04227217991615985,0.00541083902926846,-0.00013732374384365574,-0.7818559416608577,-0.12802626080610224,-0.8634664818643296,0.12802626080610224,0.8634664818643296,False,False,0.46875
base_macro_xsec_sector_complementarity_v2__fold_06__seed42,base_macro_xsec_sector_complementarity_v2,xsec_sector_complementarity_v2,False,fold_06,42,checkpoint_robust_score,checkpoint,dow30_equal_weight_rebalance_matched,Equal Weight Rebalance Matched,passive_rebalanced,True,64,7.859506468737032,3.992330421064538,-0.021443279068870003,9.523809523809524,10.668136048268352,5.988361923127513,-0.013054279731453344,0.0034908641737591735,0.00044683061424117426,-0.000537382744259939,-2.761413003467634,-2.8086295795313196,-1.9960315020629755,2.8086295795313196,1.9960315020629755,False,False,0.453125
base_macro_xsec_sector_complementarity_v2__fold_06__seed42,base_macro_xsec_sector_complementarity_v2,xsec_sector_complementarity_v2,False,fold_06,42,checkpoint_robust_score,checkpoint,dow30_equal_weight_vol_target,Equal Weight Vol Target,structured_risk_control,False,64,7.859506468737032,3.992330421064538,-0.021443279068870003,9.523809523809524,10.668136048268352,5.988361923127513,-0.013054279731453344,0.0034908641737591735,0.00044683061424117426,-0.000537382744259939,-2.761413003467634,-2.8086295795313196,-1.9960315020629755,2.8086295795313196,1.9960315020629755,False,False,0.453125
base_macro_xsec_sector_complementarity_v2__fold_06__seed42,base_macro_xsec_sector_complementarity_v2,xsec_sector_complementarity_v2,False,fold_06,42,checkpoint_robust_score,checkpoint,dow30_market_proxy_buy_hold,Market Proxy Buy and Hold,passive_buy_hold,False,64,7.859506468737032,3.992330421064538,-0.021443279068870003,9.523809523809524,11.78157859623341,5.896917354429322,-0.018542858767121806,0.0,0.0,-0.0006873367979051021,-3.8026431317639013,-3.922072127496379,-1.9045869333647838,3.922072127496379,1.9045869333647838,False,False,0.390625
base_macro_xsec_sector_complementarity_v2__fold_06__seed42,base_macro_xsec_sector_complementarity_v2,xsec_sector_complementarity_v2,False,fold_06,42,checkpoint_robust_score,checkpoint,dow30_trend_filter_overlay,Trend Filter Overlay,structured_trend_filter,False,64,7.859506468737032,3.992330421064538,-0.021443279068870003,9.523809523809524,7.95104578543262,4.900669078218845,-0.013054279731453344,0.04227217991615985,0.00541083902926846,-0.00013167218373079793,-0.6852672851770728,-0.09153931669558801,-0.9083386571543075,0.09153931669558801,0.9083386571543075,False,False,0.484375
base_macro_xsec_sector_complementarity_v2__fold_06__seed999,base_macro_xsec_sector_complementarity_v2,xsec_sector_complementarity_v2,False,fold_06,999,checkpoint_robust_score,checkpoint,dow30_equal_weight_rebalance_matched,Equal Weight Rebalance Matched,passive_rebalanced,True,64,9.401030841587833,4.87036259688412,-0.01919524635315739,13.492063492063492,10.668136048268352,5.988361923127513,-0.013054279731453344,0.0034908641737591735,0.00044683061424117426,-0.00031599227538778427,-1.9855049894462464,-1.2671052066805188,-1.1179993262433934,1.2671052066805188,1.1179993262433934,False,False,0.53125
base_macro_xsec_sector_complementarity_v2__fold_06__seed999,base_macro_xsec_sector_complementarity_v2,xsec_sector_complementarity_v2,False,fold_06,999,checkpoint_robust_score,checkpoint,dow30_equal_weight_vol_target,Equal Weight Vol Target,structured_risk_control,False,64,9.401030841587833,4.87036259688412,-0.01919524635315739,13.492063492063492,10.668136048268352,5.988361923127513,-0.013054279731453344,0.0034908641737591735,0.00044683061424117426,-0.00031599227538778427,-1.9855049894462464,-1.2671052066805188,-1.1179993262433934,1.2671052066805188,1.1179993262433934,False,False,0.53125
base_macro_xsec_sector_complementarity_v2__fold_06__seed999,base_macro_xsec_sector_complementarity_v2,xsec_sector_complementarity_v2,False,fold_06,999,checkpoint_robust_score,checkpoint,dow30_market_proxy_buy_hold,Market Proxy Buy and Hold,passive_buy_hold,False,64,9.401030841587833,4.87036259688412,-0.01919524635315739,13.492063492063492,11.78157859623341,5.896917354429322,-0.018542858767121806,0.0,0.0,-0.0004659463290329473,-3.122076468510318,-2.380547754645578,-1.0265547575452016,2.380547754645578,1.0265547575452016,False,False,0.484375
base_macro_xsec_sector_complementarity_v2__fold_06__seed999,base_macro_xsec_sector_complementarity_v2,xsec_sector_complementarity_v2,False,fold_06,999,checkpoint_robust_score,checkpoint,dow30_trend_filter_overlay,Trend Filter Overlay,structured_trend_filter,False,64,9.401030841587833,4.87036259688412,-0.01919524635315739,13.492063492063492,7.95104578543262,4.900669078218845,-0.013054279731453344,0.04227217991615985,0.00541083902926846,8.971828514135683e-05,0.5427464999736236,1.4499850561552128,-0.030306481334725355,-1.4499850561552128,0.030306481334725355,True,False,0.5625
base_macro_xsec_sector_complementarity_v2__fold_07__seed123,base_macro_xsec_sector_complementarity_v2,xsec_sector_complementarity_v2,False,fold_07,123,checkpoint_robust_score,checkpoint,dow30_equal_weight_rebalance_matched,Equal Weight Rebalance Matched,passive_rebalanced,True,62,9.706760821610239,3.5805405471306306,-0.026442434321386266,11.655737704918034,12.9682269408677,5.316742554168367,-0.020376675133546573,0.0035299525485280752,0.0004377141160174813,-0.00101709736938136,-3.2772409920480627,-3.261466119257461,-1.7362020070377362,3.261466119257461,1.7362020070377362,False,False,0.41935483870967744
base_macro_xsec_sector_complementarity_v2__fold_07__seed123,base_macro_xsec_sector_complementarity_v2,xsec_sector_complementarity_v2,False,fold_07,123,checkpoint_robust_score,checkpoint,dow30_equal_weight_vol_target,Equal Weight Vol Target,structured_risk_control,False,62,9.706760821610239,3.5805405471306306,-0.026442434321386266,11.655737704918034,10.364183539522953,5.034636455621809,-0.020376675133546684,0.00741732551673264,0.0009197483640748474,-0.0003696839242844142,-1.7597318509570796,-0.6574227179127146,-1.454095908491178,0.6574227179127146,1.454095908491178,False,False,0.45161290322580644
base_macro_xsec_sector_complementarity_v2__fold_07__seed123,base_macro_xsec_sector_complementarity_v2,xsec_sector_complementarity_v2,False,fold_07,123,checkpoint_robust_score,checkpoint,dow30_market_proxy_buy_hold,Market Proxy Buy and Hold,passive_buy_hold,False,62,9.706760821610239,3.5805405471306306,-0.026442434321386266,11.655737704918034,13.516477013708595,4.980269894120438,-0.024726167559160017,0.0,0.0,-0.0011349027932252064,-3.2303818048280855,-3.8097161920983567,-1.3997293469898073,3.8097161920983567,1.3997293469898073,False,False,0.4838709677419355
base_macro_xsec_sector_complementarity_v2__fold_07__seed123,base_macro_xsec_sector_complementarity_v2,xsec_sector_complementarity_v2,False,fold_07,123,checkpoint_robust_score,checkpoint,dow30_trend_filter_overlay,Trend Filter Overlay,structured_trend_filter,False,62,9.706760821610239,3.5805405471306306,-0.026442434321386266,11.655737704918034,10.408564075755056,4.048677811968784,-0.020376675133546684,0.011188886994545285,0.0013874219873236155,-0.00010046942728356496,-0.6942389711788525,-0.7018032541448171,-0.46813726483815365,0.7018032541448171,0.46813726483815365,False,False,0.4838709677419355
base_macro_xsec_sector_complementarity_v2__fold_07__seed42,base_macro_xsec_sector_complementarity_v2,xsec_sector_complementarity_v2,False,fold_07,42,checkpoint_robust_score,checkpoint,dow30_equal_weight_rebalance_matched,Equal Weight Rebalance Matched,passive_rebalanced,True,62,10.681752937100232,3.79487895956874,-0.04315667963748515,11.475409836065573,12.9682269408677,5.316742554168367,-0.020376675133546573,0.0035299525485280752,0.0004377141160174813,-0.0008726548010112948,-2.52877978292468,-2.2864740037674682,-1.5218635945996266,2.2864740037674682,1.5218635945996266,False,False,0.4838709677419355
base_macro_xsec_sector_complementarity_v2__fold_07__seed42,base_macro_xsec_sector_complementarity_v2,xsec_sector_complementarity_v2,False,fold_07,42,checkpoint_robust_score,checkpoint,dow30_equal_weight_vol_target,Equal Weight Vol Target,structured_risk_control,False,62,10.681752937100232,3.79487895956874,-0.04315667963748515,11.475409836065573,10.364183539522953,5.034636455621809,-0.020376675133546684,0.00741732551673264,0.0009197483640748474,-0.00022524135591434904,-0.8248241270008402,0.3175693975772784,-1.2397574960530684,-0.3175693975772784,1.2397574960530684,True,False,0.46774193548387094
base_macro_xsec_sector_complementarity_v2__fold_07__seed42,base_macro_xsec_sector_complementarity_v2,xsec_sector_complementarity_v2,False,fold_07,42,checkpoint_robust_score,checkpoint,dow30_market_proxy_buy_hold,Market Proxy Buy and Hold,passive_buy_hold,False,62,10.681752937100232,3.79487895956874,-0.04315667963748515,11.475409836065573,13.516477013708595,4.980269894120438,-0.024726167559160017,0.0,0.0,-0.000990460224855141,-2.7279997638400593,-2.8347240766083637,-1.1853909345516978,2.8347240766083637,1.1853909345516978,False,False,0.5645161290322581
base_macro_xsec_sector_complementarity_v2__fold_07__seed42,base_macro_xsec_sector_complementarity_v2,xsec_sector_complementarity_v2,False,fold_07,42,checkpoint_robust_score,checkpoint,dow30_trend_filter_overlay,Trend Filter Overlay,structured_trend_filter,False,62,10.681752937100232,3.79487895956874,-0.04315667963748515,11.475409836065573,10.408564075755056,4.048677811968784,-0.020376675133546684,0.011188886994545285,0.0013874219873236155,4.397314108650014e-05,0.19826366690572725,0.27318886134517584,-0.2537988524000441,-0.27318886134517584,0.2537988524000441,True,False,0.5161290322580645
base_macro_xsec_sector_complementarity_v2__fold_07__seed999,base_macro_xsec_sector_complementarity_v2,xsec_sector_complementarity_v2,False,fold_07,999,checkpoint_robust_score,best_model,dow30_equal_weight_rebalance_matched,Equal Weight Rebalance Matched,passive_rebalanced,True,62,6.929950575150667,2.7295369162537804,-0.028930628080019893,9.885245901639344,12.9682269408677,5.316742554168367,-0.020376675133546573,0.0035299525485280752,0.0004377141160174813,-0.001433288419441738,-4.46035251757253,-6.038276365717032,-2.5872056379145865,6.038276365717032,2.5872056379145865,False,False,0.43548387096774194
base_macro_xsec_sector_complementarity_v2__fold_07__seed999,base_macro_xsec_sector_complementarity_v2,xsec_sector_complementarity_v2,False,fold_07,999,checkpoint_robust_score,best_model,dow30_equal_weight_vol_target,Equal Weight Vol Target,structured_risk_control,False,62,6.929950575150667,2.7295369162537804,-0.028930628080019893,9.885245901639344,10.364183539522953,5.034636455621809,-0.020376675133546684,0.00741732551673264,0.0009197483640748474,-0.0007858749743447924,-3.563507145042816,-3.4342329643722858,-2.3050995393680282,3.4342329643722858,2.3050995393680282,False,False,0.41935483870967744
base_macro_xsec_sector_complementarity_v2__fold_07__seed999,base_macro_xsec_sector_complementarity_v2,xsec_sector_complementarity_v2,False,fold_07,999,checkpoint_robust_score,best_model,dow30_market_proxy_buy_hold,Market Proxy Buy and Hold,passive_buy_hold,False,62,6.929950575150667,2.7295369162537804,-0.028930628080019893,9.885245901639344,13.516477013708595,4.980269894120438,-0.024726167559160017,0.0,0.0,-0.0015510938432855845,-4.272044323711825,-6.586526438557928,-2.2507329778666576,6.586526438557928,2.2507329778666576,False,False,0.43548387096774194
base_macro_xsec_sector_complementarity_v2__fold_07__seed999,base_macro_xsec_sector_complementarity_v2,xsec_sector_complementarity_v2,False,fold_07,999,checkpoint_robust_score,best_model,dow30_trend_filter_overlay,Trend Filter Overlay,structured_trend_filter,False,62,6.929950575150667,2.7295369162537804,-0.028930628080019893,9.885245901639344,10.408564075755056,4.048677811968784,-0.020376675133546684,0.011188886994545285,0.0013874219873236155,-0.0005166604773439433,-2.9273889545319527,-3.4786135006043883,-1.319140895715004,3.4786135006043883,1.319140895715004,False,False,0.5
base_macro_xsec_sector_complementarity_v2__fold_08__seed123,base_macro_xsec_sector_complementarity_v2,xsec_sector_complementarity_v2,False,fold_08,123,checkpoint_robust_score,best_model,dow30_equal_weight_rebalance_matched,Equal Weight Rebalance Matched,passive_rebalanced,True,64,-6.526503106219483,-1.774745689909134,-0.08209621363956532,9.523809523809524,-2.190403319732037,-0.5990153921314147,-0.057323168468871866,0.003868327643184435,0.0004951459383276077,-0.0006697396483028561,-3.7717192559906505,-4.336099786487446,-1.1757302977777193,4.336099786487446,1.1757302977777193,False,False,0.390625
base_macro_xsec_sector_complementarity_v2__fold_08__seed123,base_macro_xsec_sector_complementarity_v2,xsec_sector_complementarity_v2,False,fold_08,123,checkpoint_robust_score,best_model,dow30_equal_weight_vol_target,Equal Weight Vol Target,structured_risk_control,False,64,-6.526503106219483,-1.774745689909134,-0.08209621363956532,9.523809523809524,-3.3874261587000354,-1.0224298181033473,-0.05666765101309834,0.008014296642030449,0.0010258299701798974,-0.00047141094913174023,-2.4896677232080244,-3.1390769475194475,-0.7523158718057867,3.1390769475194475,0.7523158718057867,False,False,0.4375
base_macro_xsec_sector_complementarity_v2__fold_08__seed123,base_macro_xsec_sector_complementarity_v2,xsec_sector_complementarity_v2,False,fold_08,123,checkpoint_robust_score,best_model,dow30_market_proxy_buy_hold,Market Proxy Buy and Hold,passive_buy_hold,False,64,-6.526503106219483,-1.774745689909134,-0.08209621363956532,9.523809523809524,-2.496020260160614,-0.6432292494334115,-0.06879474749546755,0.0,0.0,-0.0006355230773113121,-3.3714559707591563,-4.030482846058868,-1.1315164404757225,4.030482846058868,1.1315164404757225,False,False,0.375
base_macro_xsec_sector_complementarity_v2__fold_08__seed123,base_macro_xsec_sector_complementarity_v2,xsec_sector_complementarity_v2,False,fold_08,123,checkpoint_robust_score,best_model,dow30_trend_filter_overlay,Trend Filter Overlay,structured_trend_filter,False,64,-6.526503106219483,-1.774745689909134,-0.08209621363956532,9.523809523809524,-2.3697757991338553,-1.3329469349418939,-0.040772358223871596,0.04135129051360751,0.005292965185741761,-0.0006109773581754152,-1.2242641038682545,-4.156727307085628,-0.4417987549672402,4.156727307085628,0.4417987549672402,False,False,0.46875
base_macro_xsec_sector_complementarity_v2__fold_08__seed42,base_macro_xsec_sector_complementarity_v2,xsec_sector_complementarity_v2,False,fold_08,42,checkpoint_robust_score,best_model,dow30_equal_weight_rebalance_matched,Equal Weight Rebalance Matched,passive_rebalanced,True,64,0.9126259955929195,0.3050708238742187,-0.07011643066356399,10.619047619047619,-2.190403319732037,-0.5990153921314147,-0.057323168468871866,0.003868327643184435,0.0004951459383276077,0.0005353558395868029,2.101384995227858,3.1030293153249566,0.9040862160056334,-3.1030293153249566,-0.9040862160056334,True,True,0.578125
base_macro_xsec_sector_complementarity_v2__fold_08__seed42,base_macro_xsec_sector_complementarity_v2,xsec_sector_complementarity_v2,False,fold_08,42,checkpoint_robust_score,best_model,dow30_equal_weight_vol_target,Equal Weight Vol Target,structured_risk_control,False,64,0.9126259955929195,0.3050708238742187,-0.07011643066356399,10.619047619047619,-3.3874261587000354,-1.0224298181033473,-0.05666765101309834,0.008014296642030449,0.0010258299701798974,0.0007336845387579188,2.77983503969465,4.300052154292954,1.327500641977566,-4.300052154292954,-1.327500641977566,True,True,0.59375
base_macro_xsec_sector_complementarity_v2__fold_08__seed42,base_macro_xsec_sector_complementarity_v2,xsec_sector_complementarity_v2,False,fold_08,42,checkpoint_robust_score,best_model,dow30_market_proxy_buy_hold,Market Proxy Buy and Hold,passive_buy_hold,False,64,0.9126259955929195,0.3050708238742187,-0.07011643066356399,10.619047619047619,-2.496020260160614,-0.6432292494334115,-0.06879474749546755,0.0,0.0,0.0005695724105783469,2.3552935761996268,3.4086462557535335,0.9483000733076302,-3.4086462557535335,-0.9483000733076302,True,True,0.546875
base_macro_xsec_sector_complementarity_v2__fold_08__seed42,base_macro_xsec_sector_complementarity_v2,xsec_sector_complementarity_v2,False,fold_08,42,checkpoint_robust_score,best_model,dow30_trend_filter_overlay,Trend Filter Overlay,structured_trend_filter,False,64,0.9126259955929195,0.3050708238742187,-0.07011643066356399,10.619047619047619,-2.3697757991338553,-1.3329469349418939,-0.040772358223871596,0.04135129051360751,0.005292965185741761,0.0005941181297142437,1.0595470070921897,3.2824017947267747,1.6380177588161127,-3.2824017947267747,-1.6380177588161127,True,True,0.59375
base_macro_xsec_sector_complementarity_v2__fold_08__seed999,base_macro_xsec_sector_complementarity_v2,xsec_sector_complementarity_v2,False,fold_08,999,checkpoint_robust_score,checkpoint,dow30_equal_weight_rebalance_matched,Equal Weight Rebalance Matched,passive_rebalanced,True,64,-6.54136124558179,-1.756192066193346,-0.08266105491611009,11.11111111111111,-2.190403319732037,-0.5990153921314147,-0.057323168468871866,0.003868327643184435,0.0004951459383276077,-0.0006711708496226205,-4.456863225330306,-4.350957925849753,-1.1571766740619311,4.350957925849753,1.1571766740619311,False,False,0.359375
base_macro_xsec_sector_complementarity_v2__fold_08__seed999,base_macro_xsec_sector_complementarity_v2,xsec_sector_complementarity_v2,False,fold_08,999,checkpoint_robust_score,checkpoint,dow30_equal_weight_vol_target,Equal Weight Vol Target,structured_risk_control,False,64,-6.54136124558179,-1.756192066193346,-0.08266105491611009,11.11111111111111,-3.3874261587000354,-1.0224298181033473,-0.05666765101309834,0.008014296642030449,0.0010258299701798974,-0.00047284215045150456,-2.878865321800303,-3.1539350868817544,-0.7337622480899986,3.1539350868817544,0.7337622480899986,False,False,0.40625
base_macro_xsec_sector_complementarity_v2__fold_08__seed999,base_macro_xsec_sector_complementarity_v2,xsec_sector_complementarity_v2,False,fold_08,999,checkpoint_robust_score,checkpoint,dow30_market_proxy_buy_hold,Market Proxy Buy and Hold,passive_buy_hold,False,64,-6.54136124558179,-1.756192066193346,-0.08266105491611009,11.11111111111111,-2.496020260160614,-0.6432292494334115,-0.06879474749546755,0.0,0.0,-0.0006369542786310766,-3.7641796679228623,-4.045340985421175,-1.1129628167599344,4.045340985421175,1.1129628167599344,False,False,0.390625
base_macro_xsec_sector_complementarity_v2__fold_08__seed999,base_macro_xsec_sector_complementarity_v2,xsec_sector_complementarity_v2,False,fold_08,999,checkpoint_robust_score,checkpoint,dow30_trend_filter_overlay,Trend Filter Overlay,structured_trend_filter,False,64,-6.54136124558179,-1.756192066193346,-0.08266105491611009,11.11111111111111,-2.3697757991338553,-1.3329469349418939,-0.040772358223871596,0.04135129051360751,0.005292965185741761,-0.0006124085594951794,-1.2245317301697605,-4.171585446447935,-0.423245131251452,4.171585446447935,0.423245131251452,False,False,0.46875
base_macro_xsec_sector_complementarity_v2__fold_09__seed123,base_macro_xsec_sector_complementarity_v2,xsec_sector_complementarity_v2,False,fold_09,123,checkpoint_robust_score,checkpoint,dow30_equal_weight_rebalance_matched,Equal Weight Rebalance Matched,passive_rebalanced,True,63,-21.371564982261294,-1.255749596510586,-0.3277442453971616,15.28225806451613,-21.26096321011869,-1.3324342350158593,-0.3294921903254425,0.007400981379565179,0.0009325236538252126,6.429837201693121e-06,0.019268071071636944,-0.11060177214260491,0.0766846385052733,0.11060177214260491,-0.0766846385052733,False,True,0.42857142857142855
base_macro_xsec_sector_complementarity_v2__fold_09__seed123,base_macro_xsec_sector_complementarity_v2,xsec_sector_complementarity_v2,False,fold_09,123,checkpoint_robust_score,checkpoint,dow30_equal_weight_vol_target,Equal Weight Vol Target,structured_risk_control,False,63,-21.371564982261294,-1.255749596510586,-0.3277442453971616,15.28225806451613,-11.091494824986892,-2.090526409539299,-0.16088145120459163,0.009631361690851272,0.0012135515730472607,-0.0013310995291760835,-0.7426461442978771,-10.280070157274402,0.834776813028713,10.280070157274402,-0.834776813028713,False,True,0.3968253968253968
base_macro_xsec_sector_complementarity_v2__fold_09__seed123,base_macro_xsec_sector_complementarity_v2,xsec_sector_complementarity_v2,False,fold_09,123,checkpoint_robust_score,checkpoint,dow30_market_proxy_buy_hold,Market Proxy Buy and Hold,passive_buy_hold,False,63,-21.371564982261294,-1.255749596510586,-0.3277442453971616,15.28225806451613,-20.400146714686084,-1.265645074928371,-0.31696628941530847,0.0,0.0,-0.00018835741804516863,-0.4639673390916759,-0.9714182675752099,0.009895478417784931,0.9714182675752099,-0.009895478417784931,False,True,0.42857142857142855
base_macro_xsec_sector_complementarity_v2__fold_09__seed123,base_macro_xsec_sector_complementarity_v2,xsec_sector_complementarity_v2,False,fold_09,123,checkpoint_robust_score,checkpoint,dow30_trend_filter_overlay,Trend Filter Overlay,structured_trend_filter,False,63,-21.371564982261294,-1.255749596510586,-0.3277442453971616,15.28225806451613,-2.118284949104654,-0.687585375996711,-0.046682085064553624,0.025721469034897162,0.0032409050983970428,-0.0027888808289137776,-1.1654723261761462,-19.25328003315664,-0.568164220513875,19.25328003315664,0.568164220513875,False,False,0.3968253968253968
base_macro_xsec_sector_complementarity_v2__fold_09__seed42,base_macro_xsec_sector_complementarity_v2,xsec_sector_complementarity_v2,False,fold_09,42,checkpoint_robust_score,checkpoint,dow30_equal_weight_rebalance_matched,Equal Weight Rebalance Matched,passive_rebalanced,True,63,-22.27443054401168,-1.4681154152804754,-0.3316114985480303,9.67741935483871,-21.26096321011869,-1.3324342350158593,-0.3294921903254425,0.007400981379565179,0.0009325236538252126,-0.00027038561129097465,-0.9746184931283097,-1.01346733389299,-0.13568118026461606,1.01346733389299,0.13568118026461606,False,False,0.4444444444444444
base_macro_xsec_sector_complementarity_v2__fold_09__seed42,base_macro_xsec_sector_complementarity_v2,xsec_sector_complementarity_v2,False,fold_09,42,checkpoint_robust_score,checkpoint,dow30_equal_weight_vol_target,Equal Weight Vol Target,structured_risk_control,False,63,-22.27443054401168,-1.4681154152804754,-0.3316114985480303,9.67741935483871,-11.091494824986892,-2.090526409539299,-0.16088145120459163,0.009631361690851272,0.0012135515730472607,-0.001607914977668751,-0.9742611336028082,-11.182935719024787,0.6224109942588236,11.182935719024787,-0.6224109942588236,False,True,0.4126984126984127
base_macro_xsec_sector_complementarity_v2__fold_09__seed42,base_macro_xsec_sector_complementarity_v2,xsec_sector_complementarity_v2,False,fold_09,42,checkpoint_robust_score,checkpoint,dow30_market_proxy_buy_hold,Market Proxy Buy and Hold,passive_buy_hold,False,63,-22.27443054401168,-1.4681154152804754,-0.3316114985480303,9.67741935483871,-20.400146714686084,-1.265645074928371,-0.31696628941530847,0.0,0.0,-0.0004651728665378364,-1.3379017303901553,-1.874283829325595,-0.20247034035210443,1.874283829325595,0.20247034035210443,False,False,0.42857142857142855
base_macro_xsec_sector_complementarity_v2__fold_09__seed42,base_macro_xsec_sector_complementarity_v2,xsec_sector_complementarity_v2,False,fold_09,42,checkpoint_robust_score,checkpoint,dow30_trend_filter_overlay,Trend Filter Overlay,structured_trend_filter,False,63,-22.27443054401168,-1.4681154152804754,-0.3316114985480303,9.67741935483871,-2.118284949104654,-0.687585375996711,-0.046682085064553624,0.025721469034897162,0.0032409050983970428,-0.0030656962774064447,-1.3620670061459903,-20.156145594907024,-0.7805300392837644,20.156145594907024,0.7805300392837644,False,False,0.3968253968253968
base_macro_xsec_sector_complementarity_v2__fold_09__seed999,base_macro_xsec_sector_complementarity_v2,xsec_sector_complementarity_v2,False,fold_09,999,checkpoint_robust_score,checkpoint,dow30_equal_weight_rebalance_matched,Equal Weight Rebalance Matched,passive_rebalanced,True,63,-19.13050909943278,-1.1804263617390367,-0.3148500802587263,9.693548387096774,-21.26096321011869,-1.3324342350158593,-0.3294921903254425,0.007400981379565179,0.0009325236538252126,0.00036295208396097217,1.1296628584619977,2.1304541106859105,0.15200787327682264,-2.1304541106859105,-0.15200787327682264,True,True,0.49206349206349204
base_macro_xsec_sector_complementarity_v2__fold_09__seed999,base_macro_xsec_sector_complementarity_v2,xsec_sector_complementarity_v2,False,fold_09,999,checkpoint_robust_score,checkpoint,dow30_equal_weight_vol_target,Equal Weight Vol Target,structured_risk_control,False,63,-19.13050909943278,-1.1804263617390367,-0.3148500802587263,9.693548387096774,-11.091494824986892,-2.090526409539299,-0.16088145120459163,0.009631361690851272,0.0012135515730472607,-0.0009745772824168044,-0.5914568421339496,-8.039014274445886,0.9101000478002623,8.039014274445886,-0.9101000478002623,False,True,0.4126984126984127
base_macro_xsec_sector_complementarity_v2__fold_09__seed999,base_macro_xsec_sector_complementarity_v2,xsec_sector_complementarity_v2,False,fold_09,999,checkpoint_robust_score,checkpoint,dow30_market_proxy_buy_hold,Market Proxy Buy and Hold,passive_buy_hold,False,63,-19.13050909943278,-1.1804263617390367,-0.3148500802587263,9.693548387096774,-20.400146714686084,-1.265645074928371,-0.31696628941530847,0.0,0.0,0.00016816482871411035,0.4409470064388305,1.2696376152533055,0.08521871318933427,-1.2696376152533055,-0.08521871318933427,True,True,0.49206349206349204
base_macro_xsec_sector_complementarity_v2__fold_09__seed999,base_macro_xsec_sector_complementarity_v2,xsec_sector_complementarity_v2,False,fold_09,999,checkpoint_robust_score,checkpoint,dow30_trend_filter_overlay,Trend Filter Overlay,structured_trend_filter,False,63,-19.13050909943278,-1.1804263617390367,-0.3148500802587263,9.693548387096774,-2.118284949104654,-0.687585375996711,-0.046682085064553624,0.025721469034897162,0.0032409050983970428,-0.002432358582154498,-1.0812491290546955,-17.012224150328123,-0.4928409857423257,17.012224150328123,0.4928409857423257,False,False,0.3968253968253968
base_macro_xsec_sector_complementarity_v2__fold_10__seed123,base_macro_xsec_sector_complementarity_v2,xsec_sector_complementarity_v2,False,fold_10,123,checkpoint_robust_score,best_model,dow30_equal_weight_rebalance_matched,Equal Weight Rebalance Matched,passive_rebalanced,True,64,10.667959727347531,2.30814691562378,-0.08967082937707305,10.317460317460318,5.140182356197354,1.7631856246025919,-0.07834233141860591,0.0053498553911146655,0.0006847814900626773,0.0005577646435896169,1.3364083122322399,5.527777371150178,0.5449612910211883,-5.527777371150178,-0.5449612910211883,True,True,0.546875
base_macro_xsec_sector_complementarity_v2__fold_10__seed123,base_macro_xsec_sector_complementarity_v2,xsec_sector_complementarity_v2,False,fold_10,123,checkpoint_robust_score,best_model,dow30_equal_weight_vol_target,Equal Weight Vol Target,structured_risk_control,False,64,10.667959727347531,2.30814691562378,-0.08967082937707305,10.317460317460318,4.434125075326278,1.599283820344288,-0.07258155423496293,0.011029724420170084,0.0014118047257817708,0.0008137283893303437,2.0831060475432883,6.233834652021253,0.7088630952794921,-6.233834652021253,-0.7088630952794921,True,True,0.546875
base_macro_xsec_sector_complementarity_v2__fold_10__seed123,base_macro_xsec_sector_complementarity_v2,xsec_sector_complementarity_v2,False,fold_10,123,checkpoint_robust_score,best_model,dow30_market_proxy_buy_hold,Market Proxy Buy and Hold,passive_buy_hold,False,64,10.667959727347531,2.30814691562378,-0.08967082937707305,10.317460317460318,7.459383800817432,1.9896585046355737,-0.10061713762766844,0.0,0.0,0.00010640626969818904,0.399634105257395,3.2085759265300995,0.31848841098820646,-3.2085759265300995,-0.31848841098820646,True,True,0.5625
base_macro_xsec_sector_complementarity_v2__fold_10__seed123,base_macro_xsec_sector_complementarity_v2,xsec_sector_complementarity_v2,False,fold_10,123,checkpoint_robust_score,best_model,dow30_trend_filter_overlay,Trend Filter Overlay,structured_trend_filter,False,64,10.667959727347531,2.30814691562378,-0.08967082937707305,10.317460317460318,-0.268187000876019,-0.05154333566205412,-0.06774338595118334,0.08890750130911783,0.011380160167567082,0.001675316094006629,3.3767492621861264,10.93614672822355,2.3596902512858344,-10.93614672822355,-2.3596902512858344,True,True,0.53125
base_macro_xsec_sector_complementarity_v2__fold_10__seed42,base_macro_xsec_sector_complementarity_v2,xsec_sector_complementarity_v2,False,fold_10,42,checkpoint_robust_score,checkpoint,dow30_equal_weight_rebalance_matched,Equal Weight Rebalance Matched,passive_rebalanced,True,64,5.410474022376244,1.2757809728327723,-0.09894700302353976,13.492063492063492,5.140182356197354,1.7631856246025919,-0.07834233141860591,0.0053498553911146655,0.0006847814900626773,-0.00020737303097746846,-0.6680719067605683,0.2702916661788901,-0.4874046517698196,-0.2702916661788901,0.4874046517698196,True,False,0.53125
base_macro_xsec_sector_complementarity_v2__fold_10__seed42,base_macro_xsec_sector_complementarity_v2,xsec_sector_complementarity_v2,False,fold_10,42,checkpoint_robust_score,checkpoint,dow30_equal_weight_vol_target,Equal Weight Vol Target,structured_risk_control,False,64,5.410474022376244,1.2757809728327723,-0.09894700302353976,13.492063492063492,4.434125075326278,1.599283820344288,-0.07258155423496293,0.011029724420170084,0.0014118047257817708,4.859071476325834e-05,0.15972785295289318,0.9763489470499653,-0.3235028475115158,-0.9763489470499653,0.3235028475115158,True,False,0.484375
base_macro_xsec_sector_complementarity_v2__fold_10__seed42,base_macro_xsec_sector_complementarity_v2,xsec_sector_complementarity_v2,False,fold_10,42,checkpoint_robust_score,checkpoint,dow30_market_proxy_buy_hold,Market Proxy Buy and Hold,passive_buy_hold,False,64,5.410474022376244,1.2757809728327723,-0.09894700302353976,13.492063492063492,7.459383800817432,1.9896585046355737,-0.10061713762766844,0.0,0.0,-0.0006587314048688963,-2.1036269389833593,-2.048909778441188,-0.7138775318028014,2.048909778441188,0.7138775318028014,False,False,0.484375
base_macro_xsec_sector_complementarity_v2__fold_10__seed42,base_macro_xsec_sector_complementarity_v2,xsec_sector_complementarity_v2,False,fold_10,42,checkpoint_robust_score,checkpoint,dow30_trend_filter_overlay,Trend Filter Overlay,structured_trend_filter,False,64,5.410474022376244,1.2757809728327723,-0.09894700302353976,13.492063492063492,-0.268187000876019,-0.05154333566205412,-0.06774338595118334,0.08890750130911783,0.011380160167567082,0.000910178419439544,1.9878187723736824,5.678661023252262,1.3273243084948263,-5.678661023252262,-1.3273243084948263,True,True,0.5625
base_macro_xsec_sector_complementarity_v2__fold_10__seed999,base_macro_xsec_sector_complementarity_v2,xsec_sector_complementarity_v2,False,fold_10,999,checkpoint_robust_score,checkpoint,dow30_equal_weight_rebalance_matched,Equal Weight Rebalance Matched,passive_rebalanced,True,64,4.512755563525728,1.1851051821717662,-0.0875775013930602,13.19047619047619,5.140182356197354,1.7631856246025919,-0.07834233141860591,0.0053498553911146655,0.0006847814900626773,-0.00035258752460028234,-1.305016227110407,-0.6274267926716259,-0.5780804424308257,0.6274267926716259,0.5780804424308257,False,False,0.53125
base_macro_xsec_sector_complementarity_v2__fold_10__seed999,base_macro_xsec_sector_complementarity_v2,xsec_sector_complementarity_v2,False,fold_10,999,checkpoint_robust_score,checkpoint,dow30_equal_weight_vol_target,Equal Weight Vol Target,structured_risk_control,False,64,4.512755563525728,1.1851051821717662,-0.0875775013930602,13.19047619047619,4.434125075326278,1.599283820344288,-0.07258155423496293,0.011029724420170084,0.0014118047257817708,-9.662377885955553e-05,-0.39043933083258725,0.07863048819944929,-0.4141786381725219,-0.07863048819944929,0.4141786381725219,True,False,0.5
base_macro_xsec_sector_complementarity_v2__fold_10__seed999,base_macro_xsec_sector_complementarity_v2,xsec_sector_complementarity_v2,False,fold_10,999,checkpoint_robust_score,checkpoint,dow30_market_proxy_buy_hold,Market Proxy Buy and Hold,passive_buy_hold,False,64,4.512755563525728,1.1851051821717662,-0.0875775013930602,13.19047619047619,7.459383800817432,1.9896585046355737,-0.10061713762766844,0.0,0.0,-0.0008039458984917102,-2.2405741491334363,-2.946628237291704,-0.8045533224638075,2.946628237291704,0.8045533224638075,False,False,0.5
base_macro_xsec_sector_complementarity_v2__fold_10__seed999,base_macro_xsec_sector_complementarity_v2,xsec_sector_complementarity_v2,False,fold_10,999,checkpoint_robust_score,checkpoint,dow30_trend_filter_overlay,Trend Filter Overlay,structured_trend_filter,False,64,4.512755563525728,1.1851051821717662,-0.0875775013930602,13.19047619047619,-0.268187000876019,-0.05154333566205412,-0.06774338595118334,0.08890750130911783,0.011380160167567082,0.0007649639258167299,1.875731095919232,4.780942564401746,1.2366485178338202,-4.780942564401746,-1.2366485178338202,True,True,0.5625
base_macro_xsec_sector_complementarity_v2__fold_11__seed123,base_macro_xsec_sector_complementarity_v2,xsec_sector_complementarity_v2,False,fold_11,123,checkpoint_robust_score,best_model,dow30_equal_weight_rebalance_matched,Equal Weight Rebalance Matched,passive_rebalanced,True,62,9.78489869440915,2.8063135124629186,-0.05169937757824006,11.475409836065573,9.626131912610237,2.445502156979864,-0.03996619039186733,0.005311012658375324,0.00065856556963854,0.00023786503554673458,0.8948808118125329,0.15876678179891357,0.36081135548305454,-0.15876678179891357,-0.36081135548305454,True,True,0.46774193548387094
base_macro_xsec_sector_complementarity_v2__fold_11__seed123,base_macro_xsec_sector_complementarity_v2,xsec_sector_complementarity_v2,False,fold_11,123,checkpoint_robust_score,best_model,dow30_equal_weight_vol_target,Equal Weight Vol Target,structured_risk_control,False,62,9.78489869440915,2.8063135124629186,-0.05169937757824006,11.475409836065573,9.639302843992947,2.4548290487327655,-0.03996619039186722,0.005903367426034547,0.0007320175608282838,0.00023610173982134346,0.8896440629655835,0.14559585041620338,0.3514844637301531,-0.14559585041620338,-0.3514844637301531,True,True,0.4838709677419355
base_macro_xsec_sector_complementarity_v2__fold_11__seed123,base_macro_xsec_sector_complementarity_v2,xsec_sector_complementarity_v2,False,fold_11,123,checkpoint_robust_score,best_model,dow30_market_proxy_buy_hold,Market Proxy Buy and Hold,passive_buy_hold,False,62,9.78489869440915,2.8063135124629186,-0.05169937757824006,11.475409836065573,5.717347352607272,1.2247854304167016,-0.048699019769914864,0.0,0.0,0.0008453034833417843,2.0545961478406034,4.067551341801879,1.581528082046217,-4.067551341801879,-1.581528082046217,True,True,0.4838709677419355
base_macro_xsec_sector_complementarity_v2__fold_11__seed123,base_macro_xsec_sector_complementarity_v2,xsec_sector_complementarity_v2,False,fold_11,123,checkpoint_robust_score,best_model,dow30_trend_filter_overlay,Trend Filter Overlay,structured_trend_filter,False,62,9.78489869440915,2.8063135124629186,-0.05169937757824006,11.475409836065573,5.518215688309258,1.3314018921606159,-0.05370350862846396,0.037091197659943564,0.004599308509833003,0.0008567834328562848,2.725015852416828,4.266683006099893,1.4749116203023027,-4.266683006099893,-1.4749116203023027,True,True,0.5
base_macro_xsec_sector_complementarity_v2__fold_11__seed42,base_macro_xsec_sector_complementarity_v2,xsec_sector_complementarity_v2,False,fold_11,42,checkpoint_robust_score,checkpoint,dow30_equal_weight_rebalance_matched,Equal Weight Rebalance Matched,passive_rebalanced,True,62,7.6314753165924065,2.2760298925361986,-0.044068678593555566,13.114754098360656,9.626131912610237,2.445502156979864,-0.03996619039186733,0.005311012658375324,0.00065856556963854,-8.38288200140696e-05,-0.40109683538232527,-1.9946565960178306,-0.16947226444366548,1.9946565960178306,0.16947226444366548,False,False,0.45161290322580644
base_macro_xsec_sector_complementarity_v2__fold_11__seed42,base_macro_xsec_sector_complementarity_v2,xsec_sector_complementarity_v2,False,fold_11,42,checkpoint_robust_score,checkpoint,dow30_equal_weight_vol_target,Equal Weight Vol Target,structured_risk_control,False,62,7.6314753165924065,2.2760298925361986,-0.044068678593555566,13.114754098360656,9.639302843992947,2.4548290487327655,-0.03996619039186722,0.005903367426034547,0.0007320175608282838,-8.559211573946074e-05,-0.40973042298694284,-2.007827527400541,-0.17879915619656694,2.007827527400541,0.17879915619656694,False,False,0.43548387096774194
base_macro_xsec_sector_complementarity_v2__fold_11__seed42,base_macro_xsec_sector_complementarity_v2,xsec_sector_complementarity_v2,False,fold_11,42,checkpoint_robust_score,checkpoint,dow30_market_proxy_buy_hold,Market Proxy Buy and Hold,passive_buy_hold,False,62,7.6314753165924065,2.2760298925361986,-0.044068678593555566,13.114754098360656,5.717347352607272,1.2247854304167016,-0.048699019769914864,0.0,0.0,0.0005236096277809798,1.4188041353135161,1.914127963985135,1.051244462119497,-1.914127963985135,-1.051244462119497,True,True,0.4838709677419355
base_macro_xsec_sector_complementarity_v2__fold_11__seed42,base_macro_xsec_sector_complementarity_v2,xsec_sector_complementarity_v2,False,fold_11,42,checkpoint_robust_score,checkpoint,dow30_trend_filter_overlay,Trend Filter Overlay,structured_trend_filter,False,62,7.6314753165924065,2.2760298925361986,-0.044068678593555566,13.114754098360656,5.518215688309258,1.3314018921606159,-0.05370350862846396,0.037091197659943564,0.004599308509833003,0.0005350895772954804,1.971753060895423,2.1132596282831484,0.9446280003755827,-2.1132596282831484,-0.9446280003755827,True,True,0.46774193548387094
base_macro_xsec_sector_complementarity_v2__fold_11__seed999,base_macro_xsec_sector_complementarity_v2,xsec_sector_complementarity_v2,False,fold_11,999,checkpoint_robust_score,checkpoint,dow30_equal_weight_rebalance_matched,Equal Weight Rebalance Matched,passive_rebalanced,True,62,7.562475812404235,2.3525322836179114,-0.045642732181529255,10.98360655737705,9.626131912610237,2.445502156979864,-0.03996619039186733,0.005311012658375324,0.00065856556963854,-9.720679778818648e-05,-0.34678393402683316,-2.0636561002060025,-0.09296987336195262,2.0636561002060025,0.09296987336195262,False,False,0.41935483870967744
base_macro_xsec_sector_complementarity_v2__fold_11__seed999,base_macro_xsec_sector_complementarity_v2,xsec_sector_complementarity_v2,False,fold_11,999,checkpoint_robust_score,checkpoint,dow30_equal_weight_vol_target,Equal Weight Vol Target,structured_risk_control,False,62,7.562475812404235,2.3525322836179114,-0.045642732181529255,10.98360655737705,9.639302843992947,2.4548290487327655,-0.03996619039186722,0.005903367426034547,0.0007320175608282838,-9.89700935135775e-05,-0.3544568486430484,-2.0768270315887127,-0.10229676511485408,2.0768270315887127,0.10229676511485408,False,False,0.41935483870967744
base_macro_xsec_sector_complementarity_v2__fold_11__seed999,base_macro_xsec_sector_complementarity_v2,xsec_sector_complementarity_v2,False,fold_11,999,checkpoint_robust_score,checkpoint,dow30_market_proxy_buy_hold,Market Proxy Buy and Hold,passive_buy_hold,False,62,7.562475812404235,2.3525322836179114,-0.045642732181529255,10.98360655737705,5.717347352607272,1.2247854304167016,-0.048699019769914864,0.0,0.0,0.0005102316500068631,1.292079098764383,1.845128459796963,1.1277468532012098,-1.845128459796963,-1.1277468532012098,True,True,0.4838709677419355
base_macro_xsec_sector_complementarity_v2__fold_11__seed999,base_macro_xsec_sector_complementarity_v2,xsec_sector_complementarity_v2,False,fold_11,999,checkpoint_robust_score,checkpoint,dow30_trend_filter_overlay,Trend Filter Overlay,structured_trend_filter,False,62,7.562475812404235,2.3525322836179114,-0.045642732181529255,10.98360655737705,5.518215688309258,1.3314018921606159,-0.05370350862846396,0.037091197659943564,0.004599308509833003,0.0005217115995213634,1.5521025428964426,2.0442601240949765,1.0211303914572956,-2.0442601240949765,-1.0211303914572956,True,True,0.45161290322580644
base_macro_xsec_sector_complementarity_v2__fold_12__seed123,base_macro_xsec_sector_complementarity_v2,xsec_sector_complementarity_v2,False,fold_12,123,checkpoint_robust_score,best_model,dow30_equal_weight_rebalance_matched,Equal Weight Rebalance Matched,passive_rebalanced,True,63,-0.793120119486268,-0.19270827825132977,-0.05706665695322066,10.709677419354838,-0.351746227559091,-0.21408463407166145,-0.04399176990944553,0.003664931129901141,0.00046178132236754377,5.571292005502823e-07,0.0038158434186610496,-0.441373891927177,0.021376355820331677,0.441373891927177,-0.021376355820331677,False,True,0.5714285714285714
base_macro_xsec_sector_complementarity_v2__fold_12__seed123,base_macro_xsec_sector_complementarity_v2,xsec_sector_complementarity_v2,False,fold_12,123,checkpoint_robust_score,best_model,dow30_equal_weight_vol_target,Equal Weight Vol Target,structured_risk_control,False,63,-0.793120119486268,-0.19270827825132977,-0.05706665695322066,10.709677419354838,-0.35174622755917984,-0.21408463407166145,-0.04399176990944598,0.003664931129901141,0.00046178132236754377,5.571292005502823e-07,0.0038158434186610496,-0.4413738919270882,0.021376355820331677,0.4413738919270882,-0.021376355820331677,False,True,0.5714285714285714
base_macro_xsec_sector_complementarity_v2__fold_12__seed123,base_macro_xsec_sector_complementarity_v2,xsec_sector_complementarity_v2,False,fold_12,123,checkpoint_robust_score,best_model,dow30_market_proxy_buy_hold,Market Proxy Buy and Hold,passive_buy_hold,False,63,-0.793120119486268,-0.19270827825132977,-0.05706665695322066,10.709677419354838,-1.4071747139956847,-0.28822638652451393,-0.04548849729616222,0.0,0.0,3.6693321035515055e-05,0.24776460661820557,0.6140545945094167,0.09551810827318416,-0.6140545945094167,-0.09551810827318416,True,True,0.5079365079365079
base_macro_xsec_sector_complementarity_v2__fold_12__seed123,base_macro_xsec_sector_complementarity_v2,xsec_sector_complementarity_v2,False,fold_12,123,checkpoint_robust_score,best_model,dow30_trend_filter_overlay,Trend Filter Overlay,structured_trend_filter,False,63,-0.793120119486268,-0.19270827825132977,-0.05706665695322066,10.709677419354838,-1.8390758029476317,-1.5528790012536,-0.027743946109697215,0.05749376882447524,0.007244214871883882,0.0002580209763399159,0.6000470415431587,1.0459556834613637,1.3601707230022702,-1.0459556834613637,-1.3601707230022702,True,True,0.6190476190476191
base_macro_xsec_sector_complementarity_v2__fold_12__seed42,base_macro_xsec_sector_complementarity_v2,xsec_sector_complementarity_v2,False,fold_12,42,checkpoint_robust_score,checkpoint,dow30_equal_weight_rebalance_matched,Equal Weight Rebalance Matched,passive_rebalanced,True,63,-0.4134906875690403,-0.09568290127775252,-0.042230825852899945,12.903225806451612,-0.351746227559091,-0.21408463407166145,-0.04399176990944553,0.003664931129901141,0.00046178132236754377,5.423455612058377e-05,0.26971762339712163,-0.061744460009949265,0.11840173279390893,0.061744460009949265,-0.11840173279390893,False,True,0.49206349206349204
base_macro_xsec_sector_complementarity_v2__fold_12__seed42,base_macro_xsec_sector_complementarity_v2,xsec_sector_complementarity_v2,False,fold_12,42,checkpoint_robust_score,checkpoint,dow30_equal_weight_vol_target,Equal Weight Vol Target,structured_risk_control,False,63,-0.4134906875690403,-0.09568290127775252,-0.042230825852899945,12.903225806451612,-0.35174622755917984,-0.21408463407166145,-0.04399176990944598,0.003664931129901141,0.00046178132236754377,5.423455612058377e-05,0.26971762339712163,-0.06174446000986045,0.11840173279390893,0.06174446000986045,-0.11840173279390893,False,True,0.49206349206349204
base_macro_xsec_sector_complementarity_v2__fold_12__seed42,base_macro_xsec_sector_complementarity_v2,xsec_sector_complementarity_v2,False,fold_12,42,checkpoint_robust_score,checkpoint,dow30_market_proxy_buy_hold,Market Proxy Buy and Hold,passive_buy_hold,False,63,-0.4134906875690403,-0.09568290127775252,-0.042230825852899945,12.903225806451612,-1.4071747139956847,-0.28822638652451393,-0.04548849729616222,0.0,0.0,9.037074795554855e-05,0.6010525620355776,0.9936840264266444,0.1925434852467614,-0.9936840264266444,-0.1925434852467614,True,True,0.5079365079365079
base_macro_xsec_sector_complementarity_v2__fold_12__seed42,base_macro_xsec_sector_complementarity_v2,xsec_sector_complementarity_v2,False,fold_12,42,checkpoint_robust_score,checkpoint,dow30_trend_filter_overlay,Trend Filter Overlay,structured_trend_filter,False,63,-0.4134906875690403,-0.09568290127775252,-0.042230825852899945,12.903225806451612,-1.8390758029476317,-1.5528790012536,-0.027743946109697215,0.05749376882447524,0.007244214871883882,0.00031169840325994926,0.7532062542441998,1.4255851153785914,1.4571960999758475,-1.4255851153785914,-1.4571960999758475,True,True,0.5555555555555556
base_macro_xsec_sector_complementarity_v2__fold_12__seed999,base_macro_xsec_sector_complementarity_v2,xsec_sector_complementarity_v2,False,fold_12,999,checkpoint_robust_score,checkpoint,dow30_equal_weight_rebalance_matched,Equal Weight Rebalance Matched,passive_rebalanced,True,63,3.0957646919422155,1.0070230083865321,-0.036874643622005876,10.53225806451613,-0.351746227559091,-0.21408463407166145,-0.04399176990944553,0.003664931129901141,0.00046178132236754377,0.0006132234285751388,1.8602508850921622,3.4475109195013065,1.2211076424581937,-3.4475109195013065,-1.2211076424581937,True,True,0.5555555555555556
base_macro_xsec_sector_complementarity_v2__fold_12__seed999,base_macro_xsec_sector_complementarity_v2,xsec_sector_complementarity_v2,False,fold_12,999,checkpoint_robust_score,checkpoint,dow30_equal_weight_vol_target,Equal Weight Vol Target,structured_risk_control,False,63,3.0957646919422155,1.0070230083865321,-0.036874643622005876,10.53225806451613,-0.35174622755917984,-0.21408463407166145,-0.04399176990944598,0.003664931129901141,0.00046178132236754377,0.0006132234285751388,1.8602508850921622,3.4475109195013953,1.2211076424581937,-3.4475109195013953,-1.2211076424581937,True,True,0.5555555555555556
base_macro_xsec_sector_complementarity_v2__fold_12__seed999,base_macro_xsec_sector_complementarity_v2,xsec_sector_complementarity_v2,False,fold_12,999,checkpoint_robust_score,checkpoint,dow30_market_proxy_buy_hold,Market Proxy Buy and Hold,passive_buy_hold,False,63,3.0957646919422155,1.0070230083865321,-0.036874643622005876,10.53225806451613,-1.4071747139956847,-0.28822638652451393,-0.04548849729616222,0.0,0.0,0.0006493596204101034,2.6158031745358734,4.5029394059379,1.2952493949110462,-4.5029394059379,-1.2952493949110462,True,True,0.5555555555555556
base_macro_xsec_sector_complementarity_v2__fold_12__seed999,base_macro_xsec_sector_complementarity_v2,xsec_sector_complementarity_v2,False,fold_12,999,checkpoint_robust_score,checkpoint,dow30_trend_filter_overlay,Trend Filter Overlay,structured_trend_filter,False,63,3.0957646919422155,1.0070230083865321,-0.036874643622005876,10.53225806451613,-1.8390758029476317,-1.5528790012536,-0.027743946109697215,0.05749376882447524,0.007244214871883882,0.0008706872757145042,1.7300322267986992,4.934840494889848,2.5599020096401324,-4.934840494889848,-2.5599020096401324,True,True,0.5396825396825397
base_macro_xsec_sector_complementarity_v2__fold_13__seed123,base_macro_xsec_sector_complementarity_v2,xsec_sector_complementarity_v2,False,fold_13,123,checkpoint_robust_score,checkpoint,dow30_equal_weight_rebalance_matched,Equal Weight Rebalance Matched,passive_rebalanced,True,62,-7.428084620976227,-1.5928297987732607,-0.11878544444584627,11.475409836065573,-3.046155359535585,-0.5308881648519479,-0.09496867879714077,0.005569598465803378,0.0006906302097596189,-0.0008302183682856305,-3.7910044947641963,-4.381929261440642,-1.0619416339213128,4.381929261440642,1.0619416339213128,False,False,0.5
base_macro_xsec_sector_complementarity_v2__fold_13__seed123,base_macro_xsec_sector_complementarity_v2,xsec_sector_complementarity_v2,False,fold_13,123,checkpoint_robust_score,checkpoint,dow30_equal_weight_vol_target,Equal Weight Vol Target,structured_risk_control,False,62,-7.428084620976227,-1.5928297987732607,-0.11878544444584627,11.475409836065573,-4.300405425539388,-0.964620586578637,-0.08964534860722251,0.010770572468625624,0.0013355509861095777,-0.0006096209172900854,-2.3986849925920426,-3.127679195436839,-0.6282092121946237,3.127679195436839,0.6282092121946237,False,False,0.532258064516129
base_macro_xsec_sector_complementarity_v2__fold_13__seed123,base_macro_xsec_sector_complementarity_v2,xsec_sector_complementarity_v2,False,fold_13,123,checkpoint_robust_score,checkpoint,dow30_market_proxy_buy_hold,Market Proxy Buy and Hold,passive_buy_hold,False,62,-7.428084620976227,-1.5928297987732607,-0.11878544444584627,11.475409836065573,-5.302949918931521,-1.0064765826763502,-0.13181292872152395,0.0,0.0,-0.000347336186382417,-1.3953937469623532,-2.125134702044706,-0.5863532160969105,2.125134702044706,0.5863532160969105,False,False,0.41935483870967744
base_macro_xsec_sector_complementarity_v2__fold_13__seed123,base_macro_xsec_sector_complementarity_v2,xsec_sector_complementarity_v2,False,fold_13,123,checkpoint_robust_score,checkpoint,dow30_trend_filter_overlay,Trend Filter Overlay,structured_trend_filter,False,62,-7.428084620976227,-1.5928297987732607,-0.11878544444584627,11.475409836065573,-4.718087715647368,-2.3013960688312034,-0.06194820424729519,0.04993988644269342,0.006192545918893984,-0.000507195539870181,-0.7809373495136988,-2.7099969053288593,0.7085662700579427,2.7099969053288593,-0.7085662700579427,False,True,0.43548387096774194
base_macro_xsec_sector_complementarity_v2__fold_13__seed42,base_macro_xsec_sector_complementarity_v2,xsec_sector_complementarity_v2,False,fold_13,42,checkpoint_robust_score,best_model,dow30_equal_weight_rebalance_matched,Equal Weight Rebalance Matched,passive_rebalanced,True,62,2.117547177609258,0.6424110347023662,-0.07679582467166135,9.01639344262295,-3.046155359535585,-0.5308881648519479,-0.09496867879714077,0.005569598465803378,0.0006906302097596189,0.0007278683258799455,2.2756399177700377,5.163702537144843,1.173299199554314,-5.163702537144843,-1.173299199554314,True,True,0.5645161290322581
base_macro_xsec_sector_complementarity_v2__fold_13__seed42,base_macro_xsec_sector_complementarity_v2,xsec_sector_complementarity_v2,False,fold_13,42,checkpoint_robust_score,best_model,dow30_equal_weight_vol_target,Equal Weight Vol Target,structured_risk_control,False,62,2.117547177609258,0.6424110347023662,-0.07679582467166135,9.01639344262295,-4.300405425539388,-0.964620586578637,-0.08964534860722251,0.010770572468625624,0.0013355509861095777,0.0009484657768754905,3.249685230579959,6.417952603148646,1.6070316212810032,-6.417952603148646,-1.6070316212810032,True,True,0.5967741935483871
base_macro_xsec_sector_complementarity_v2__fold_13__seed42,base_macro_xsec_sector_complementarity_v2,xsec_sector_complementarity_v2,False,fold_13,42,checkpoint_robust_score,best_model,dow30_market_proxy_buy_hold,Market Proxy Buy and Hold,passive_buy_hold,False,62,2.117547177609258,0.6424110347023662,-0.07679582467166135,9.01639344262295,-5.302949918931521,-1.0064765826763502,-0.13181292872152395,0.0,0.0,0.001210750507783159,2.4619597263788626,7.420497096540779,1.6488876173787164,-7.420497096540779,-1.6488876173787164,True,True,0.6612903225806451
base_macro_xsec_sector_complementarity_v2__fold_13__seed42,base_macro_xsec_sector_complementarity_v2,xsec_sector_complementarity_v2,False,fold_13,42,checkpoint_robust_score,best_model,dow30_trend_filter_overlay,Trend Filter Overlay,structured_trend_filter,False,62,2.117547177609258,0.6424110347023662,-0.07679582467166135,9.01639344262295,-4.718087715647368,-2.3013960688312034,-0.06194820424729519,0.04993988644269342,0.006192545918893984,0.001050891154295395,1.8384557640431118,6.835634893256626,2.94380710353357,-6.835634893256626,-2.94380710353357,True,True,0.5645161290322581
base_macro_xsec_sector_complementarity_v2__fold_13__seed999,base_macro_xsec_sector_complementarity_v2,xsec_sector_complementarity_v2,False,fold_13,999,checkpoint_robust_score,checkpoint,dow30_equal_weight_rebalance_matched,Equal Weight Rebalance Matched,passive_rebalanced,True,62,-2.2875866358741503,-0.4834668893964685,-0.08561828575733921,15.78688524590164,-3.046155359535585,-0.5308881648519479,-0.09496867879714077,0.005569598465803378,0.0006906302097596189,2.6703544087547994e-05,0.103674563955515,0.7585687236614347,0.04742127545547942,-0.7585687236614347,-0.04742127545547942,True,True,0.532258064516129
base_macro_xsec_sector_complementarity_v2__fold_13__seed999,base_macro_xsec_sector_complementarity_v2,xsec_sector_complementarity_v2,False,fold_13,999,checkpoint_robust_score,checkpoint,dow30_equal_weight_vol_target,Equal Weight Vol Target,structured_risk_control,False,62,-2.2875866358741503,-0.4834668893964685,-0.08561828575733921,15.78688524590164,-4.300405425539388,-0.964620586578637,-0.08964534860722251,0.010770572468625624,0.0013355509861095777,0.000247300995083093,0.969828776386373,2.012818789665238,0.48115369718216855,-2.012818789665238,-0.48115369718216855,True,True,0.5806451612903226
base_macro_xsec_sector_complementarity_v2__fold_13__seed999,base_macro_xsec_sector_complementarity_v2,xsec_sector_complementarity_v2,False,fold_13,999,checkpoint_robust_score,checkpoint,dow30_market_proxy_buy_hold,Market Proxy Buy and Hold,passive_buy_hold,False,62,-2.2875866358741503,-0.4834668893964685,-0.08561828575733921,15.78688524590164,-5.302949918931521,-1.0064765826763502,-0.13181292872152395,0.0,0.0,0.0005095857259907615,1.3883355112160998,3.0153632830573707,0.5230096932798818,-3.0153632830573707,-0.5230096932798818,True,True,0.532258064516129
base_macro_xsec_sector_complementarity_v2__fold_13__seed999,base_macro_xsec_sector_complementarity_v2,xsec_sector_complementarity_v2,False,fold_13,999,checkpoint_robust_score,checkpoint,dow30_trend_filter_overlay,Trend Filter Overlay,structured_trend_filter,False,62,-2.2875866358741503,-0.4834668893964685,-0.08561828575733921,15.78688524590164,-4.718087715647368,-2.3013960688312034,-0.06194820424729519,0.04993988644269342,0.006192545918893984,0.00034972637250299765,0.589307748620364,2.4305010797732174,1.817929179434735,-2.4305010797732174,-1.817929179434735,True,True,0.46774193548387094
base_macro_xsec_sector_complementarity_v2__fold_14__seed123,base_macro_xsec_sector_complementarity_v2,xsec_sector_complementarity_v2,False,fold_14,123,checkpoint_robust_score,checkpoint,dow30_equal_weight_rebalance_matched,Equal Weight Rebalance Matched,passive_rebalanced,True,64,-0.06330676876220576,-1.3359573431679685,-0.0010915875351473758,0.0,-5.470057748183854,-1.047426736312697,-0.166542016330829,0.004734147387864755,0.0006059708656466888,0.0008065832526110337,1.0405056380016047,5.406750979421648,-0.28853060685527154,-5.406750979421648,0.28853060685527154,True,False,0.515625
base_macro_xsec_sector_complementarity_v2__fold_14__seed123,base_macro_xsec_sector_complementarity_v2,xsec_sector_complementarity_v2,False,fold_14,123,checkpoint_robust_score,checkpoint,dow30_equal_weight_vol_target,Equal Weight Vol Target,structured_risk_control,False,64,-0.06330676876220576,-1.3359573431679685,-0.0010915875351473758,0.0,-4.329986090312232,-0.9996518325015702,-0.13757682401150262,0.014419826794338172,0.001845737829675286,0.0006377457927259671,0.9908571762698832,4.2666793215500265,-0.33630551066639836,-4.2666793215500265,0.33630551066639836,True,False,0.515625
base_macro_xsec_sector_complementarity_v2__fold_14__seed123,base_macro_xsec_sector_complementarity_v2,xsec_sector_complementarity_v2,False,fold_14,123,checkpoint_robust_score,checkpoint,dow30_market_proxy_buy_hold,Market Proxy Buy and Hold,passive_buy_hold,False,64,-0.06330676876220576,-1.3359573431679685,-0.0010915875351473758,0.0,-3.9645591474144926,-0.5401831149505794,-0.17192110699829977,0.0,0.0,0.0004576561579572114,0.5312539172489448,3.901252378652287,-0.7957742282173892,-3.901252378652287,0.7957742282173892,True,False,0.546875
base_macro_xsec_sector_complementarity_v2__fold_14__seed123,base_macro_xsec_sector_complementarity_v2,xsec_sector_complementarity_v2,False,fold_14,123,checkpoint_robust_score,checkpoint,dow30_trend_filter_overlay,Trend Filter Overlay,structured_trend_filter,False,64,-0.06330676876220576,-1.3359573431679685,-0.0010915875351473758,0.0,3.839907230489259,1.289844925587516,-0.05532206671099604,0.017786531141699112,0.0022766759861374865,-0.000627827619206342,-1.3144390125253345,-3.9032139992514647,-2.6258022687554847,3.9032139992514647,2.6258022687554847,False,False,0.390625
base_macro_xsec_sector_complementarity_v2__fold_14__seed42,base_macro_xsec_sector_complementarity_v2,xsec_sector_complementarity_v2,False,fold_14,42,checkpoint_robust_score,best_model,dow30_equal_weight_rebalance_matched,Equal Weight Rebalance Matched,passive_rebalanced,True,64,-5.778750872610439,-1.1679254218909034,-0.15158614897879807,8.73015873015873,-5.470057748183854,-1.047426736312697,-0.166542016330829,0.004734147387864755,0.0006059708656466888,-4.4428266221650304e-05,-0.23789250503324513,-0.3086931244265845,-0.12049868557820642,0.3086931244265845,0.12049868557820642,False,False,0.515625
base_macro_xsec_sector_complementarity_v2__fold_14__seed42,base_macro_xsec_sector_complementarity_v2,xsec_sector_complementarity_v2,False,fold_14,42,checkpoint_robust_score,best_model,dow30_equal_weight_vol_target,Equal Weight Vol Target,structured_risk_control,False,64,-5.778750872610439,-1.1679254218909034,-0.15158614897879807,8.73015873015873,-4.329986090312232,-0.9996518325015702,-0.13757682401150262,0.014419826794338172,0.001845737829675286,-0.00021326572610671674,-1.0885553090383322,-1.4487647822982064,-0.16827358938933323,1.4487647822982064,0.16827358938933323,False,False,0.53125
base_macro_xsec_sector_complementarity_v2__fold_14__seed42,base_macro_xsec_sector_complementarity_v2,xsec_sector_complementarity_v2,False,fold_14,42,checkpoint_robust_score,best_model,dow30_market_proxy_buy_hold,Market Proxy Buy and Hold,passive_buy_hold,False,64,-5.778750872610439,-1.1679254218909034,-0.15158614897879807,8.73015873015873,-3.9645591474144926,-0.5401831149505794,-0.17192110699829977,0.0,0.0,-0.0003933553608754725,-1.636449458486816,-1.814191725195946,-0.6277423069403241,1.814191725195946,0.6277423069403241,False,False,0.484375
base_macro_xsec_sector_complementarity_v2__fold_14__seed42,base_macro_xsec_sector_complementarity_v2,xsec_sector_complementarity_v2,False,fold_14,42,checkpoint_robust_score,best_model,dow30_trend_filter_overlay,Trend Filter Overlay,structured_trend_filter,False,64,-5.778750872610439,-1.1679254218909034,-0.15158614897879807,8.73015873015873,3.839907230489259,1.289844925587516,-0.05532206671099604,0.017786531141699112,0.0022766759861374865,-0.0014788391380390262,-2.592091642344565,-9.618658103099698,-2.4577703474784194,9.618658103099698,2.4577703474784194,False,False,0.40625
base_macro_xsec_sector_complementarity_v2__fold_14__seed999,base_macro_xsec_sector_complementarity_v2,xsec_sector_complementarity_v2,False,fold_14,999,checkpoint_robust_score,checkpoint,dow30_equal_weight_rebalance_matched,Equal Weight Rebalance Matched,passive_rebalanced,True,64,-5.81335885455132,-1.0684840938023201,-0.16634599947330986,9.904761904761905,-5.470057748183854,-1.047426736312697,-0.166542016330829,0.004734147387864755,0.0006059708656466888,-3.806232841107163e-05,-0.19387696238587127,-0.34330110636746625,-0.02105735748962312,0.34330110636746625,0.02105735748962312,False,False,0.515625
base_macro_xsec_sector_complementarity_v2__fold_14__seed999,base_macro_xsec_sector_complementarity_v2,xsec_sector_complementarity_v2,False,fold_14,999,checkpoint_robust_score,checkpoint,dow30_equal_weight_vol_target,Equal Weight Vol Target,structured_risk_control,False,64,-5.81335885455132,-1.0684840938023201,-0.16634599947330986,9.904761904761905,-4.329986090312232,-0.9996518325015702,-0.13757682401150262,0.014419826794338172,0.001845737829675286,-0.00020689978829613803,-0.855094374430415,-1.4833727642390881,-0.06883226130074993,1.4833727642390881,0.06883226130074993,False,False,0.5
base_macro_xsec_sector_complementarity_v2__fold_14__seed999,base_macro_xsec_sector_complementarity_v2,xsec_sector_complementarity_v2,False,fold_14,999,checkpoint_robust_score,checkpoint,dow30_market_proxy_buy_hold,Market Proxy Buy and Hold,passive_buy_hold,False,64,-5.81335885455132,-1.0684840938023201,-0.16634599947330986,9.904761904761905,-3.9645591474144926,-0.5401831149505794,-0.17192110699829977,0.0,0.0,-0.0003869894230648937,-1.82868999964551,-1.8487997071368278,-0.5283009788517408,1.8487997071368278,0.5283009788517408,False,False,0.53125
base_macro_xsec_sector_complementarity_v2__fold_14__seed999,base_macro_xsec_sector_complementarity_v2,xsec_sector_complementarity_v2,False,fold_14,999,checkpoint_robust_score,checkpoint,dow30_trend_filter_overlay,Trend Filter Overlay,structured_trend_filter,False,64,-5.81335885455132,-1.0684840938023201,-0.16634599947330986,9.904761904761905,3.839907230489259,1.289844925587516,-0.05532206671099604,0.017786531141699112,0.0022766759861374865,-0.0014724732002284475,-2.4140351153262247,-9.65326608504058,-2.358329019389836,9.65326608504058,2.358329019389836,False,False,0.421875
