direction_name,intervention_name,alpha,is_control,rows,ood_pass_rate,mahalanobis_mean,nn_distance_mean,hidden_norm_ratio_mean
bad_primitives_cav,additive_steering,-1.0,False,2517,0.047278506158124754,71.8920027495622,0.9745261041335679,1.36675306976345
bad_primitives_cav,additive_steering,-0.5,False,2517,0.5403257846642828,36.940584238200195,0.4880763624225207,1.1470950715500654
bad_primitives_cav,additive_steering,-0.25,False,2517,0.6054827175208581,19.672184617444668,0.24484906678093557,1.0620168166058912
bad_primitives_cav,additive_steering,0.25,False,2517,0.6038935240365515,19.57449956228936,0.2446252698161632,0.966012991509913
bad_primitives_cav,additive_steering,0.5,False,2517,0.5387365911799762,36.83075698837978,0.48698489130932227,0.9633654339758683
bad_primitives_cav,additive_steering,1.0,False,2517,0.4858959078267779,71.7864652949567,0.9696145462808029,1.0500061042329767
bad_primitives_cav,orthogonal_same_norm_control,0.5,True,2517,0.5792610250297974,62.02004808325088,0.4921098887915722,1.0599487835490355
bad_primitives_cav,projection_removal,,False,2517,0.5295987286452125,47.840700959904616,0.6931717474789942,0.9555311268587128
bad_primitives_cav,random_same_norm_control,0.5,True,2517,0.5804529201430274,61.882016276607644,0.49172178829812874,1.0588936753919203
bad_vs_good_cav,additive_steering,-1.0,False,2517,0.04807310290027811,68.4304427681263,0.9880557158991302,1.3567735099727796
bad_vs_good_cav,additive_steering,-0.5,False,2517,0.589590782677791,35.19722464773463,0.4925398491157282,1.141127014428442
bad_vs_good_cav,additive_steering,-0.25,False,2517,0.6042908224076281,18.78752730143651,0.2465770873230974,1.0587789277036939
bad_vs_good_cav,additive_steering,0.25,False,2517,0.6042908224076281,18.734407496846583,0.24617739335726146,0.9696291462907166
bad_vs_good_cav,additive_steering,0.5,False,2517,0.6015097338100914,35.129864159526484,0.49066853158070944,0.9706858553245633
bad_vs_good_cav,additive_steering,1.0,False,2517,0.42630115216527614,68.35530150029675,0.9816696774078321,1.063638446066814
bad_vs_good_cav,orthogonal_same_norm_control,0.5,True,2517,0.6138259833134684,53.66485893527901,0.49158820666051267,1.0489077499029762
bad_vs_good_cav,projection_removal,,False,2517,0.5923718712753278,39.447413268065574,0.6264592839570425,0.9632136401524937
bad_vs_good_cav,random_same_norm_control,0.5,True,2517,0.6249503377036154,53.14613013211962,0.4917464328793032,1.0510889540261725
centroid_to_good__bad_to_primitive_00,additive_steering,-1.0,False,2517,0.050059594755661505,63.05219442838615,0.9570180631729277,0.4084547083967003
centroid_to_good__bad_to_primitive_00,additive_steering,-0.5,False,2517,0.060389352403655144,32.45269195641846,0.4788222331283587,0.6878431070690418
centroid_to_good__bad_to_primitive_00,additive_steering,-0.25,False,2517,0.6042908224076281,17.39267008956362,0.24237386494961705,0.8421657148514983
centroid_to_good__bad_to_primitive_00,additive_steering,0.25,False,2517,0.6082638061183949,17.67574709798253,0.2421923055331019,1.15994680965608
centroid_to_good__bad_to_primitive_00,additive_steering,0.5,False,2517,0.06277314263011521,32.779866885792536,0.48457647497868744,1.3212967030594034
centroid_to_good__bad_to_primitive_00,additive_steering,1.0,False,2517,0.04489471593166468,63.37531082279243,0.9767746748846855,1.6467415346432488
centroid_to_good__bad_to_primitive_00,orthogonal_same_norm_control,0.5,True,2517,0.5812475168851807,53.458316086185675,0.49232119296844573,1.0604212864582965
centroid_to_good__bad_to_primitive_00,projection_removal,,False,2517,0.03377036154151768,122.346542265384,2.049125600778469,0.2974711657288432
centroid_to_good__bad_to_primitive_00,random_same_norm_control,0.5,True,2517,0.5764799364322606,52.49690676337132,0.4919691248627306,1.0715887516857603
centroid_to_good__primitive_02_to_primitive_00,additive_steering,-1.0,False,2517,0.7854588796185935,8.751952709677525,0.9971132932450384,1.178943252388508
centroid_to_good__primitive_02_to_primitive_00,additive_steering,-0.5,False,2517,0.8716726261422328,5.84172750062066,0.4992763302445351,1.0359599555642718
centroid_to_good__primitive_02_to_primitive_00,additive_steering,-0.25,False,2517,0.8780294000794596,4.578782086767743,0.24988815096351835,1.002899288375698
centroid_to_good__primitive_02_to_primitive_00,additive_steering,0.25,False,2517,0.8792212951926897,4.658940389618491,0.2498893537590087,1.0275518251788065
centroid_to_good__primitive_02_to_primitive_00,additive_steering,0.5,False,2517,0.8784266984505363,5.9485474799628975,0.49579254484700036,1.082980695748809
centroid_to_good__primitive_02_to_primitive_00,additive_steering,1.0,False,2517,0.08820023837902265,8.86957508771263,0.8963010873186821,1.2595426523670101
centroid_to_good__primitive_02_to_primitive_00,orthogonal_same_norm_control,0.5,True,2517,0.55740961462058,42.84367259831478,0.4917553694845847,1.0606148171079846
centroid_to_good__primitive_02_to_primitive_00,projection_removal,,False,2517,0.9388160508541915,4.397131758349657,0.20589332677051203,0.9919801660333543
centroid_to_good__primitive_02_to_primitive_00,random_same_norm_control,0.5,True,2517,0.55740961462058,42.58688347591197,0.49172767851969884,1.0612824961772294
centroid_to_good__primitive_04_to_primitive_00,additive_steering,-1.0,False,2517,0.044497417560588004,61.620510556486614,0.9532775924101953,0.48508013481483214
centroid_to_good__primitive_04_to_primitive_00,additive_steering,-0.5,False,2517,0.06356773937226858,31.729183048921584,0.47571398035202234,0.7090681277099927
centroid_to_good__primitive_04_to_primitive_00,additive_steering,-0.25,False,2517,0.6718315454906635,17.007720289905258,0.24066080988165112,0.850603569827874
centroid_to_good__primitive_04_to_primitive_00,additive_steering,0.25,False,2517,0.6734207389749702,17.262227230048723,0.24085127909649648,1.1540366750278857
centroid_to_good__primitive_04_to_primitive_00,additive_steering,0.5,False,2517,0.066746126340882,32.015759651412026,0.4822411180715206,1.311044557821526
centroid_to_good__primitive_04_to_primitive_00,additive_steering,1.0,False,2517,0.038935240365514504,61.915338576983615,0.9737284829856319,1.630572702803916
centroid_to_good__primitive_04_to_primitive_00,orthogonal_same_norm_control,0.5,True,2517,0.5125148986889154,46.57070784867557,0.4917664776643377,1.061540402478551
centroid_to_good__primitive_04_to_primitive_00,projection_removal,,False,2517,0.029797377830750895,117.7445872748165,1.9487618280008103,0.4259588945077886
centroid_to_good__primitive_04_to_primitive_00,random_same_norm_control,0.5,True,2517,0.5137067938021455,46.7463524156097,0.4910635696289998,1.0590392845623742
centroid_to_good__primitive_05_to_primitive_00,additive_steering,-1.0,False,2517,0.049662296384584824,63.564754364148094,0.9567881344144733,0.39496284759627476
centroid_to_good__primitive_05_to_primitive_00,additive_steering,-0.5,False,2517,0.059992054032578464,32.70727367673397,0.47887251877090464,0.6845826077877055
centroid_to_good__primitive_05_to_primitive_00,additive_steering,-0.25,False,2517,0.6042908224076281,17.519908021884227,0.24244452814398587,0.8408889081907677
centroid_to_good__primitive_05_to_primitive_00,additive_steering,0.25,False,2517,0.6082638061183949,17.806873508850813,0.2422476020619623,1.1608315166422623
centroid_to_good__primitive_05_to_primitive_00,additive_steering,0.5,False,2517,0.06277314263011521,33.041453775094865,0.48467769078033746,1.3228279230934636
centroid_to_good__primitive_05_to_primitive_00,additive_steering,1.0,False,2517,0.04529201430274136,63.89688148835042,0.9768878710561021,1.64914972775712
centroid_to_good__primitive_05_to_primitive_00,orthogonal_same_norm_control,0.5,True,2517,0.5860150973381009,47.69314028964497,0.49078001512043834,1.0574085647931133
centroid_to_good__primitive_05_to_primitive_00,projection_removal,,False,2517,0.03377036154151768,123.84619341946835,2.0544323804420994,0.2668093119901062
centroid_to_good__primitive_05_to_primitive_00,random_same_norm_control,0.5,True,2517,0.5971394517282479,47.55469492066702,0.4901320168550778,1.0582465039884967
drawdown_stress_cav,additive_steering,-1.0,False,2517,0.3317441398490266,78.99882552102618,0.9572586036675188,1.0601317464403854
drawdown_stress_cav,additive_steering,-0.5,False,2517,0.5375446960667462,40.41959743631298,0.48123814767974393,0.9688658143961472
drawdown_stress_cav,additive_steering,-0.25,False,2517,0.6690504568931267,21.344223974942548,0.24256141273040666,0.9687611476144061
drawdown_stress_cav,additive_steering,0.25,False,2517,0.6718315454906635,21.42554578440715,0.24422973714534416,1.0595025486661738
drawdown_stress_cav,additive_steering,0.5,False,2517,0.5387365911799762,40.50031598313813,0.48733900881774866,1.1424291119255583
drawdown_stress_cav,additive_steering,1.0,False,2517,0.03814064362336114,79.07056102811615,0.9782074685184271,1.3588947183862596
drawdown_stress_cav,orthogonal_same_norm_control,0.5,True,2517,0.5705204608661104,56.886233407948986,0.49132671858433613,1.0645546229241356
drawdown_stress_cav,projection_removal,,False,2517,0.5303933253873659,48.9339548945788,0.6255830973978375,0.9608586946445723
drawdown_stress_cav,random_same_norm_control,0.5,True,2517,0.55740961462058,56.644531199393455,0.4912785937807785,1.0656571047272718
high_action_change_cav,additive_steering,-1.0,False,2517,0.46722288438617404,59.555504280453285,0.9926388961812402,1.1614804841506774
high_action_change_cav,additive_steering,-0.5,False,2517,0.601907032181168,30.78551557897303,0.49572793653888586,1.0258324345979113
high_action_change_cav,additive_steering,-0.25,False,2517,0.6714342471195868,16.616134978608965,0.24785583217320997,0.9976481078246285
high_action_change_cav,additive_steering,0.25,False,2517,0.6714342471195868,16.664631857529383,0.2478466266411203,1.032643462526197
high_action_change_cav,additive_steering,0.5,False,2517,0.600715137067938,30.82494357366011,0.4947484351000192,1.0925630006809108
high_action_change_cav,additive_steering,1.0,False,2517,0.058005562177195075,59.58626162193336,0.9906614668973187,1.2757147290340296
high_action_change_cav,orthogonal_same_norm_control,0.5,True,2517,0.6229638458482321,43.44126322820681,0.49140122460673435,1.063097136559103
high_action_change_cav,projection_removal,,False,2517,0.7322208978943187,18.11417150435764,0.29036000220881564,0.9940672207901048
high_action_change_cav,random_same_norm_control,0.5,True,2517,0.6229638458482321,43.55036802104283,0.49144888028608774,1.063088444664658
high_concentration_cav,additive_steering,-1.0,False,2517,0.46881207787048074,57.93615122472784,0.9763596838578505,1.1201139818566663
high_concentration_cav,additive_steering,-0.5,False,2517,0.5395311879221295,29.991068399506183,0.4876500323440584,1.002312196268993
high_concentration_cav,additive_steering,-0.25,False,2517,0.7318235995232419,16.23401732567243,0.2444782433400048,0.9856222933023946
high_concentration_cav,additive_steering,0.25,False,2517,0.7294398092967819,16.26712867969084,0.2417478471520801,1.0439894062772408
high_concentration_cav,additive_steering,0.5,False,2517,0.5367500993245927,30.0325371240519,0.4811701839551893,1.1137209795685465
high_concentration_cav,additive_steering,1.0,False,2517,0.041716328963051254,57.98768434786406,0.9618786023822745,1.3111432887308527
high_concentration_cav,orthogonal_same_norm_control,0.5,True,2517,0.5363528009535161,48.62727273456949,0.4914792691521609,1.062077048235952
high_concentration_cav,projection_removal,,False,2517,0.7791021056813667,20.509277470202633,0.4168106893645673,0.9833002031274728
high_concentration_cav,random_same_norm_control,0.5,True,2517,0.5601907032181168,47.806222250819246,0.49136714147748595,1.0623026746499713
high_turnover_cav,additive_steering,-1.0,False,2517,0.46722288438617404,59.555504280453285,0.9926388961812402,1.1614804841506774
high_turnover_cav,additive_steering,-0.5,False,2517,0.601907032181168,30.78551557897303,0.49572793653888586,1.0258324345979113
high_turnover_cav,additive_steering,-0.25,False,2517,0.6714342471195868,16.616134978608965,0.24785583217320997,0.9976481078246285
high_turnover_cav,additive_steering,0.25,False,2517,0.6714342471195868,16.664631857529383,0.2478466266411203,1.032643462526197
high_turnover_cav,additive_steering,0.5,False,2517,0.600715137067938,30.82494357366011,0.4947484351000192,1.0925630006809108
high_turnover_cav,additive_steering,1.0,False,2517,0.058005562177195075,59.58626162193336,0.9906614668973187,1.2757147290340296
high_turnover_cav,orthogonal_same_norm_control,0.5,True,2517,0.5379419944378228,37.56687871744943,0.49144814864218966,1.0508520734730575
high_turnover_cav,projection_removal,,False,2517,0.7322208978943187,18.11417150435764,0.29036000220881564,0.9940672207901048
high_turnover_cav,random_same_norm_control,0.5,True,2517,0.5367500993245927,38.753509959527584,0.49145782463898835,1.0503589267189852
matched_good_patch__primitive_02_to_primitive_00,matched_activation_patch,,False,526,0.8612167300380228,1.6144130726799233,0.0,1.1287540988257083
matched_good_patch__primitive_04_to_primitive_00,matched_activation_patch,,False,107,0.6635514018691588,2.130567951018594,0.0,1.7909446094708916
matched_good_patch__primitive_05_to_primitive_00,matched_activation_patch,,False,139,0.18705035971223022,2.242274073679795,0.0,0.48657562072993943
primitive_cav__primitive_02,additive_steering,-1.0,False,2517,0.5232419547079857,68.51256626685975,0.9773624529604118,1.013212953353891
primitive_cav__primitive_02,additive_steering,-0.5,False,2517,0.600715137067938,35.20362970183129,0.48982076170953237,0.9429497410087039
primitive_cav__primitive_02,additive_steering,-0.25,False,2517,0.6042908224076281,18.77077738151627,0.24607958852616116,0.9558863830480592
primitive_cav__primitive_02,additive_steering,0.25,False,2517,0.6050854191497815,18.853385524978517,0.2462273381266994,1.0709226528173827
primitive_cav__primitive_02,additive_steering,0.5,False,2517,0.5883988875645609,35.30049918864358,0.49173413594637766,1.16322791391031
primitive_cav__primitive_02,additive_steering,1.0,False,2517,0.057210965435041714,68.60898826736137,0.9861847582739794,1.3927155988659157
primitive_cav__primitive_02,orthogonal_same_norm_control,0.5,True,2517,0.5816448152562574,53.79138285965248,0.49102937311437334,1.0641256417671658
primitive_cav__primitive_02,projection_removal,,False,2517,0.5939610647596345,47.14756438790654,0.7466590215133638,0.9383902205739079
primitive_cav__primitive_02,random_same_norm_control,0.5,True,2517,0.6030989272943981,53.459213332086044,0.49111434044767593,1.063777728856204
primitive_cav__primitive_04,additive_steering,-1.0,False,2517,0.4247119586809694,51.598008546564394,0.9908235360583544,1.2132494446020836
primitive_cav__primitive_04,additive_steering,-0.5,False,2517,0.6038935240365515,26.859902088856163,0.4947120462317572,1.0557951872313607
primitive_cav__primitive_04,additive_steering,-0.25,False,2517,0.6702423520063567,14.717528673091541,0.24763091643371093,1.0132212237707299
primitive_cav__primitive_04,additive_steering,0.25,False,2517,0.6710369487485102,14.762309616831468,0.24748127692105676,1.0174098621651864
primitive_cav__primitive_04,additive_steering,0.5,False,2517,0.6050854191497815,26.894775738499355,0.49405526141379064,1.0637770017851802
primitive_cav__primitive_04,additive_steering,1.0,False,2517,0.22169249106078665,51.618998256179296,0.989621391753129,1.226898457458146
primitive_cav__primitive_04,orthogonal_same_norm_control,0.5,True,2517,0.5927691696464045,51.654912026163615,0.4918826636309391,1.0602711554334405
primitive_cav__primitive_04,projection_removal,,False,2517,0.9324592769169646,7.694452837389238,0.1198367585313694,0.9993750873749586
primitive_cav__primitive_04,random_same_norm_control,0.5,True,2517,0.5967421533571713,49.831796823950604,0.4917847463589317,1.0602154223751015
primitive_cav__primitive_05,additive_steering,-1.0,False,2517,0.05125148986889154,68.7772675413312,0.9843342668914999,1.4064880425932142
primitive_cav__primitive_05,additive_steering,-0.5,False,2517,0.5391338895510528,35.36666152041567,0.49054363311009547,1.17145706886248
primitive_cav__primitive_05,additive_steering,-0.25,False,2517,0.6050854191497815,18.8773584122888,0.24562328333719402,1.0753954615536068
primitive_cav__primitive_05,additive_steering,0.25,False,2517,0.6034962256654748,18.770506005192782,0.24519864563009752,0.950841390122198
primitive_cav__primitive_05,additive_steering,0.5,False,2517,0.5383392928088995,35.25084279953919,0.4887394421948271,0.9326715628555562
primitive_cav__primitive_05,additive_steering,1.0,False,2517,0.47516885180770757,68.66070184661716,0.9753914333724499,0.9939565129081313
primitive_cav__primitive_05,orthogonal_same_norm_control,0.5,True,2517,0.600715137067938,43.76691523245495,0.4921972093987125,1.0513286603165464
primitive_cav__primitive_05,projection_removal,,False,2517,0.5280095351609059,54.699996688387905,0.8358023862925641,0.9280016437738343
primitive_cav__primitive_05,random_same_norm_control,0.5,True,2517,0.5812475168851807,45.601971516953014,0.49231539099588334,1.0510763126790534
