fold_id,regime_label_exogenous,feature_set,runs,sharpe_median,max_drawdown_median,turnover_median,hit_rate_median
fold_01,bull_low_vol,base,3,,-0.0012203283738070336,0.0,0.6666666666666666
fold_01,bull_low_vol,base_macro,3,,-0.0021989229857031223,0.0,0.6666666666666666
fold_01,bull_low_vol,base_macro_exogenous_plus,3,,-0.003990453116152981,0.0,0.6666666666666666
fold_01,bull_low_vol,base_macro_gru,3,,-0.001505835048098203,0.0,0.6666666666666666
fold_01,bull_low_vol,base_macro_hmm,3,,-0.004296605534139464,0.0,0.6666666666666666
fold_01,unknown,base,3,1.9064723706310127,-0.06353920530439905,13.542372881355933,0.576271186440678
fold_01,unknown,base_macro,3,1.974139636249529,-0.0547980898720456,9.322033898305085,0.559322033898305
fold_01,unknown,base_macro_exogenous_plus,3,1.9210638044469275,-0.05860695210904843,11.813559322033898,0.5423728813559322
fold_01,unknown,base_macro_gru,3,1.331811035788491,-0.06576113359759173,13.491525423728813,0.576271186440678
fold_01,unknown,base_macro_hmm,3,1.7783668709159168,-0.05747386330771698,13.59322033898305,0.576271186440678
fold_02,bear_high_vol,base,3,,-0.010570298819554624,0.25,0.75
fold_02,bear_high_vol,base_macro,3,,-0.011098838433862612,0.0,0.75
fold_02,bear_high_vol,base_macro_exogenous_plus,3,,-0.005944082044261556,0.0,0.75
fold_02,bear_high_vol,base_macro_gru,3,,-0.010039883587550924,0.0,0.75
fold_02,bear_high_vol,base_macro_hmm,3,,-0.013578790850039768,0.0,0.75
fold_02,bull_high_vol,base,3,,0.0,,0.0
fold_02,bull_high_vol,base_macro,3,,0.0,,0.0
fold_02,bull_high_vol,base_macro_exogenous_plus,3,,0.0,,0.0
fold_02,bull_high_vol,base_macro_gru,3,,0.0,,0.0
fold_02,bull_high_vol,base_macro_hmm,3,,0.0,,0.0
fold_02,unknown,base,3,-1.2648221019937202,-0.046161302795990844,14.542372881355933,0.4576271186440678
fold_02,unknown,base_macro,3,0.6325712858427739,-0.029021198127727965,14.254237288135593,0.5084745762711864
fold_02,unknown,base_macro_exogenous_plus,3,-0.7845183317114106,-0.030243781492768518,9.610169491525424,0.5423728813559322
fold_02,unknown,base_macro_gru,3,-0.24427154786199973,-0.03461929548157816,11.016949152542374,0.5254237288135594
fold_02,unknown,base_macro_hmm,3,-0.06138084103555776,-0.030119117132262452,18.28813559322034,0.4576271186440678
fold_03,bear_low_vol,base,3,,-0.003325941003098576,0.0,0.6666666666666666
fold_03,bear_low_vol,base_macro,3,,-0.003495920312253653,0.0,0.3333333333333333
fold_03,bear_low_vol,base_macro_exogenous_plus,3,,-0.003257463986004794,0.75,0.6666666666666666
fold_03,bear_low_vol,base_macro_gru,3,,-0.0052069489686070725,0.0,0.3333333333333333
fold_03,bear_low_vol,base_macro_hmm,3,,-0.002914661408300656,0.0,0.3333333333333333
fold_03,unknown,base,3,1.8194730680629418,-0.037599051175479126,9.322033898305085,0.5254237288135594
fold_03,unknown,base_macro,3,1.9162493509041068,-0.04165951645238708,9.322033898305085,0.4406779661016949
fold_03,unknown,base_macro_exogenous_plus,3,2.0605494744075794,-0.035117151444682304,16.661016949152543,0.5084745762711864
fold_03,unknown,base_macro_gru,3,1.8439437543496011,-0.04619590561588671,11.864406779661017,0.5254237288135594
fold_03,unknown,base_macro_hmm,3,2.0029534896188164,-0.036722583713818535,13.305084745762711,0.4745762711864407
fold_04,bull_low_vol,base,3,,0.0,0.0,1.0
fold_04,bull_low_vol,base_macro,3,,0.0,0.0,1.0
fold_04,bull_low_vol,base_macro_exogenous_plus,3,,0.0,0.0,1.0
fold_04,bull_low_vol,base_macro_gru,3,,0.0,0.0,1.0
fold_04,bull_low_vol,base_macro_hmm,3,,0.0,0.0,1.0
fold_04,unknown,base,3,3.9892046855282035,-0.015607824612897114,11.864406779661017,0.559322033898305
fold_04,unknown,base_macro,3,3.8896115306130263,-0.01867107846836058,13.559322033898304,0.6440677966101694
fold_04,unknown,base_macro_exogenous_plus,3,3.83305068699092,-0.01696387915673514,13.559322033898304,0.6440677966101694
fold_04,unknown,base_macro_gru,3,3.042819869946469,-0.015344767550462435,14.40677966101695,0.5932203389830508
fold_04,unknown,base_macro_hmm,3,3.766180458196795,-0.015089535885752348,18.423728813559322,0.6271186440677966
fold_05,bear_high_vol,base,3,,0.0,,1.0
fold_05,bear_high_vol,base_macro,3,,0.0,,1.0
fold_05,bear_high_vol,base_macro_exogenous_plus,3,,0.0,,1.0
fold_05,bear_high_vol,base_macro_gru,3,,0.0,,1.0
fold_05,bear_high_vol,base_macro_hmm,3,,0.0,,1.0
fold_05,bear_low_vol,base,3,,0.0,1.0,0.0
fold_05,bear_low_vol,base_macro,3,,0.0,0.0,0.0
fold_05,bear_low_vol,base_macro_exogenous_plus,3,,0.0,0.0,0.0
fold_05,bear_low_vol,base_macro_gru,3,,0.0,0.0,0.0
fold_05,bear_low_vol,base_macro_hmm,3,,0.0,0.0,0.0
fold_05,unknown,base,3,-1.0450352217254788,-0.11600832900524538,15.491525423728813,0.5423728813559322
fold_05,unknown,base_macro,3,-0.25686077030977356,-0.10145425575114353,14.40677966101695,0.5423728813559322
fold_05,unknown,base_macro_exogenous_plus,3,-0.19670788945086864,-0.09280142687618231,11.703389830508474,0.559322033898305
fold_05,unknown,base_macro_gru,3,-0.25683219388396167,-0.0936102331085954,15.932203389830509,0.5254237288135594
fold_05,unknown,base_macro_hmm,3,-0.8915998581862853,-0.10403536708622962,11.864406779661017,0.5254237288135594
fold_06,bull_low_vol,base,3,,0.0,0.0,1.0
fold_06,bull_low_vol,base_macro,3,,-0.0015526762397003457,0.0,0.6
fold_06,bull_low_vol,base_macro_exogenous_plus,3,,-0.0009050242709466305,0.0,0.8
fold_06,bull_low_vol,base_macro_gru,3,,-0.0019497473518107489,0.0,0.4
fold_06,bull_low_vol,base_macro_hmm,3,,-0.0014688897757724195,0.0,0.6
fold_06,unknown,base,3,3.6715833880008546,-0.020667841611363924,11.016949152542374,0.576271186440678
fold_06,unknown,base_macro,3,4.4234616495795285,-0.011721371859370833,11.016949152542374,0.5932203389830508
fold_06,unknown,base_macro_exogenous_plus,3,3.8692146750220098,-0.01866702202332038,13.711864406779661,0.576271186440678
fold_06,unknown,base_macro_gru,3,4.563064483444284,-0.020891404316225715,12.711864406779661,0.6101694915254238
fold_06,unknown,base_macro_hmm,3,3.918209640708871,-0.019035970962659743,11.788135593220339,0.6101694915254238
fold_07,bull_high_vol,base,3,,-0.0024103475701138244,0.0,0.6666666666666666
fold_07,bull_high_vol,base_macro,3,,-0.001997217312706745,0.0,0.6666666666666666
fold_07,bull_high_vol,base_macro_exogenous_plus,3,,-0.0010153820304983352,0.0,0.6666666666666666
fold_07,bull_high_vol,base_macro_gru,3,,-0.0025591016055240834,0.0,0.6666666666666666
fold_07,bull_high_vol,base_macro_hmm,3,,-0.0027430113621254026,0.0,0.6666666666666666
fold_07,unknown,base,3,2.545153846700705,-0.03115469353300493,10.169491525423728,0.6271186440677966
fold_07,unknown,base_macro,3,2.940405499870893,-0.03195027066199618,10.169491525423728,0.576271186440678
fold_07,unknown,base_macro_exogenous_plus,3,3.392051701035581,-0.029663006831524008,14.40677966101695,0.5932203389830508
fold_07,unknown,base_macro_gru,3,3.415390406312885,-0.03098291344257109,9.322033898305085,0.6101694915254238
fold_07,unknown,base_macro_hmm,3,3.031770263308197,-0.027996817086621606,11.864406779661017,0.5932203389830508
fold_08,bear_low_vol,base,3,,0.0,,1.0
fold_08,bear_low_vol,base_macro,3,,0.0,,1.0
fold_08,bear_low_vol,base_macro_exogenous_plus,3,,0.0,,1.0
fold_08,bear_low_vol,base_macro_gru,3,,0.0,,1.0
fold_08,bear_low_vol,base_macro_hmm,3,,0.0,,1.0
fold_08,bull_low_vol,base,3,,-0.030050404904031436,0.0,0.25
fold_08,bull_low_vol,base_macro,3,,-0.03046929486222205,0.0,0.25
fold_08,bull_low_vol,base_macro_exogenous_plus,3,,-0.02536668588348545,0.0,0.25
fold_08,bull_low_vol,base_macro_gru,3,,-0.02632840114907853,0.0,0.25
fold_08,bull_low_vol,base_macro_hmm,3,,-0.029438417892066582,0.0,0.25
fold_08,unknown,base,3,-0.5857061840499999,-0.06998482614434476,15.254237288135593,0.5084745762711864
fold_08,unknown,base_macro,3,-0.21305559105084398,-0.06886591962979027,12.898305084745763,0.5254237288135594
fold_08,unknown,base_macro_exogenous_plus,3,-0.05810030797160954,-0.05922714914023308,10.169491525423728,0.5084745762711864
fold_08,unknown,base_macro_gru,3,0.10552805397679653,-0.05996110508536012,7.627118644067797,0.5084745762711864
fold_08,unknown,base_macro_hmm,3,-0.9366247998997992,-0.06919381735285135,11.016949152542374,0.5084745762711864
fold_09,bear_high_vol,base,3,,-0.038838016075146475,0.0,0.25
fold_09,bear_high_vol,base_macro,3,,-0.040932731239433084,0.5,0.25
fold_09,bear_high_vol,base_macro_exogenous_plus,3,,-0.04460313034125196,0.0,0.25
fold_09,bear_high_vol,base_macro_gru,3,,-0.04070916291532589,0.0,0.25
fold_09,bear_high_vol,base_macro_hmm,3,,-0.03634950101622447,0.0,0.25
fold_09,unknown,base,3,-0.9851917897811115,-0.32788112871085706,11.864406779661017,0.4576271186440678
fold_09,unknown,base_macro,3,-0.9635174502890258,-0.3067443494462224,15.440677966101696,0.4576271186440678
fold_09,unknown,base_macro_exogenous_plus,3,-0.860576669003731,-0.33739664608923914,11.677966101694915,0.4745762711864407
fold_09,unknown,base_macro_gru,3,-1.0426450743251354,-0.30645203358217454,13.508474576271187,0.4406779661016949
fold_09,unknown,base_macro_hmm,3,-1.1667320785075472,-0.2919894600202535,12.135593220338983,0.3898305084745763
fold_10,bear_high_vol,base,3,,-0.0108145282485409,0.0,0.6
fold_10,bear_high_vol,base_macro,3,,-0.00693868318055435,0.0,0.6
fold_10,bear_high_vol,base_macro_exogenous_plus,3,,-0.008533868352265439,0.0,0.4
fold_10,bear_high_vol,base_macro_gru,3,,-0.008489178209683867,0.375,0.6
fold_10,bear_high_vol,base_macro_hmm,3,,-0.011035404654579528,0.875,0.6
fold_10,unknown,base,3,1.035148593415226,-0.09815688966040659,12.711864406779661,0.576271186440678
fold_10,unknown,base_macro,3,1.5361927258335444,-0.09376060487915172,13.686440677966102,0.6101694915254238
fold_10,unknown,base_macro_exogenous_plus,3,0.9161258880279328,-0.08514714973298687,9.322033898305085,0.576271186440678
fold_10,unknown,base_macro_gru,3,1.4945102202275826,-0.09888763809639423,14.14406779661017,0.559322033898305
fold_10,unknown,base_macro_hmm,3,0.6290458198127977,-0.0862703065198498,12.220338983050848,0.5254237288135594
fold_11,bull_low_vol,base,3,,-0.005329297559591328,0.0,0.3333333333333333
fold_11,bull_low_vol,base_macro,3,,-0.003164265665824173,0.0,0.6666666666666666
fold_11,bull_low_vol,base_macro_exogenous_plus,3,,-0.0032801658520766885,0.0,0.3333333333333333
fold_11,bull_low_vol,base_macro_gru,3,,-0.0024668707976718274,0.0,0.3333333333333333
fold_11,bull_low_vol,base_macro_hmm,3,,-0.004800701218321213,0.0,0.3333333333333333
fold_11,unknown,base,3,2.4633381459851056,-0.05308874884376924,10.169491525423728,0.559322033898305
fold_11,unknown,base_macro,3,2.5452005632063153,-0.05312084615636581,12.711864406779661,0.576271186440678
fold_11,unknown,base_macro_exogenous_plus,3,2.7353888798006913,-0.05664944142896844,17.796610169491526,0.559322033898305
fold_11,unknown,base_macro_gru,3,2.266176751545376,-0.04761319185797985,12.711864406779661,0.6101694915254238
fold_11,unknown,base_macro_hmm,3,2.649825044871541,-0.04143942159436198,11.864406779661017,0.576271186440678
fold_12,bear_high_vol,base,3,,-0.015415875395660805,0.0,0.25
fold_12,bear_high_vol,base_macro,3,,-0.013010560536940274,0.0,0.5
fold_12,bear_high_vol,base_macro_exogenous_plus,3,,-0.01353405754114756,0.0,0.5
fold_12,bear_high_vol,base_macro_gru,3,,-0.013508837693331666,0.5,0.5
fold_12,bear_high_vol,base_macro_hmm,3,,-0.016247366875142166,0.0,0.5
fold_12,unknown,base,3,1.2699505572951675,-0.04035749563537583,11.364406779661017,0.5254237288135594
fold_12,unknown,base_macro,3,0.3888084888906197,-0.04379436133227632,10.169491525423728,0.5084745762711864
fold_12,unknown,base_macro_exogenous_plus,3,0.26463671702574004,-0.040874005370028055,11.864406779661017,0.5254237288135594
fold_12,unknown,base_macro_gru,3,0.7613594590554941,-0.047440896928021115,9.322033898305085,0.5084745762711864
fold_12,unknown,base_macro_hmm,3,0.49029494438634347,-0.04699264183576868,14.40677966101695,0.4915254237288136
fold_13,bull_high_vol,base,3,,0.0,,1.0
fold_13,bull_high_vol,base_macro,3,,0.0,,1.0
fold_13,bull_high_vol,base_macro_exogenous_plus,3,,0.0,,1.0
fold_13,bull_high_vol,base_macro_gru,3,,0.0,,1.0
fold_13,bull_high_vol,base_macro_hmm,3,,0.0,,1.0
fold_13,bull_low_vol,base,3,,-0.016043795792304194,0.0,0.0
fold_13,bull_low_vol,base_macro,3,,-0.01510229363340021,0.0,0.5
fold_13,bull_low_vol,base_macro_exogenous_plus,3,,-0.01770506652545767,0.0,0.0
fold_13,bull_low_vol,base_macro_gru,3,,-0.01677474549582647,1.0,0.0
fold_13,bull_low_vol,base_macro_hmm,3,,-0.017069822391002187,0.0,0.0
fold_13,unknown,base,3,-0.293424087592839,-0.088378411785896,13.491525423728813,0.4576271186440678
fold_13,unknown,base_macro,3,0.0375905374334312,-0.09360983529752198,10.169491525423728,0.5084745762711864
fold_13,unknown,base_macro_exogenous_plus,3,-0.7459143826192101,-0.1165135292237317,16.76271186440678,0.423728813559322
fold_13,unknown,base_macro_gru,3,-0.879064472502178,-0.12240130267991622,11.033898305084746,0.4067796610169492
fold_13,unknown,base_macro_hmm,3,-0.7258317263413063,-0.11208069170455903,10.169491525423728,0.4576271186440678
fold_14,bear_high_vol,base,3,,-0.02479624784952561,0.0,0.4
fold_14,bear_high_vol,base_macro,3,,-0.031029786810704896,0.0,0.4
fold_14,bear_high_vol,base_macro_exogenous_plus,3,,-0.03036059516903067,0.0,0.4
fold_14,bear_high_vol,base_macro_gru,3,,-0.03226508174069087,0.0,0.4
fold_14,bear_high_vol,base_macro_hmm,3,,-0.03153457402165505,0.0,0.4
fold_14,unknown,base,3,-1.549138123602706,-0.11915320149745323,11.940677966101696,0.4745762711864407
fold_14,unknown,base_macro,3,-1.2389379071162827,-0.1331220326635285,11.40677966101695,0.4745762711864407
fold_14,unknown,base_macro_exogenous_plus,3,-1.0915353197661728,-0.1299266658004703,8.474576271186441,0.4576271186440678
fold_14,unknown,base_macro_gru,3,-1.4575088600081043,-0.1437195671616467,12.940677966101696,0.4406779661016949
fold_14,unknown,base_macro_hmm,3,-1.4340864458728715,-0.13034778158970795,11.864406779661017,0.4915254237288136
