selection_rule,selection_rule_description,score,validation_sharpe_quantile,validation_sharpe_quantile_level,validation_turnover_median,validation_max_drawdown_median,retention_ratio_median,generalization_ratio_median,n_runs_in_score,n_folds_in_score,n_seeds_in_score,validation_sharpe_median,test_sharpe_median,test_return_pct_median,test_max_drawdown_median,test_turnover_median,seed_count,run_count,feature_set,feature_family,is_negative_control,feature_set_description,fold_id,selected_by_rule
sharpe_only,Baseline rule: median validation Sharpe only.,2.425692073578083,2.425692073578083,0.5,10.790322580645162,-0.04376096727564127,0.9939585094463795,2.5431786216315553,3,1,3,2.425692073578083,2.0640592556475066,9.659379384002719,-0.05860695210904843,11.426229508196721,3,3,base_macro_exogenous_plus,calendar_exogenous,False,Baseline technical and macro features plus event/calendar exogenous features.,fold_01,True
sharpe_only,Baseline rule: median validation Sharpe only.,2.3891077609926508,2.3891077609926508,0.5,12.935483870967742,-0.0394571863359785,0.8231244283181678,2.443233144223888,3,1,3,2.3891077609926508,1.9255809653883904,8.060575570113926,-0.05747386330771698,13.147540983606557,3,3,base_macro_hmm,negative_control_hmm,True,HMM-enhanced feature set treated as a negative control.,fold_01,False
sharpe_only,Baseline rule: median validation Sharpe only.,2.2947534923675716,2.2947534923675716,0.5,12.983870967741936,-0.04254438780648795,0.7930259110415513,2.890883448897643,3,1,3,2.2947534923675716,1.6352668870740685,6.948987608820745,-0.06576113359759173,13.049180327868852,3,3,base_macro_gru,negative_control_gru,True,GRU-enhanced feature set treated as a negative control.,fold_01,False
sharpe_only,Baseline rule: median validation Sharpe only.,2.212342396539716,2.212342396539716,0.5,8.870967741935484,-0.03763854786479093,1.003609458823779,2.8236052798890996,3,1,3,2.212342396539716,2.089147403970572,7.691703835917263,-0.0547980898720456,9.01639344262295,3,3,base_macro,macro_context,False,Baseline technical features plus macro context.,fold_01,False
sharpe_only,Baseline rule: median validation Sharpe only.,2.1486132641952964,2.1486132641952964,0.5,12.903225806451612,-0.038639675391041295,0.9970279961797256,2.302029436407099,3,1,3,2.1486132641952964,2.1410285956095354,8.191041631993045,-0.06353920530439905,13.098360655737705,3,3,base,technical_base,False,"Prices, returns, and baseline technical risk features.",fold_01,False
robust_q25,25th percentile validation Sharpe with turnover and drawdown penalties.,1.6281626316267321,2.1469881144530882,0.25,8.870967741935484,-0.03763854786479093,1.003609458823779,2.8236052798890996,3,1,3,2.212342396539716,2.089147403970572,7.691703835917263,-0.0547980898720456,9.01639344262295,3,3,base_macro,macro_context,False,Baseline technical features plus macro context.,fold_01,True
robust_q25,25th percentile validation Sharpe with turnover and drawdown penalties.,1.6241104959119854,2.251148559495526,0.25,10.790322580645162,-0.04376096727564127,0.9939585094463795,2.5431786216315553,3,1,3,2.425692073578083,2.0640592556475066,9.659379384002719,-0.05860695210904843,11.426229508196721,3,3,base_macro_exogenous_plus,calendar_exogenous,False,Baseline technical and macro features plus event/calendar exogenous features.,fold_01,False
robust_q25,25th percentile validation Sharpe with turnover and drawdown penalties.,1.5661320451805145,2.291820611400859,0.25,12.935483870967742,-0.0394571863359785,0.8231244283181678,2.443233144223888,3,1,3,2.3891077609926508,1.9255809653883904,8.060575570113926,-0.05747386330771698,13.147540983606557,3,3,base_macro_hmm,negative_control_hmm,True,HMM-enhanced feature set treated as a negative control.,fold_01,False
robust_q25,25th percentile validation Sharpe with turnover and drawdown penalties.,1.444124344602217,2.17840666860229,0.25,12.983870967741936,-0.04254438780648795,0.7930259110415513,2.890883448897643,3,1,3,2.2947534923675716,1.6352668870740685,6.948987608820745,-0.06576113359759173,13.049180327868852,3,3,base_macro_gru,negative_control_gru,True,GRU-enhanced feature set treated as a negative control.,fold_01,False
robust_q25,25th percentile validation Sharpe with turnover and drawdown penalties.,1.3288772219517717,2.051317863056435,0.25,12.903225806451612,-0.038639675391041295,0.9970279961797256,2.302029436407099,3,1,3,2.1486132641952964,2.1410285956095354,8.191041631993045,-0.06353920530439905,13.098360655737705,3,3,base,technical_base,False,"Prices, returns, and baseline technical risk features.",fold_01,False
robust_q25_retention,25th percentile validation Sharpe with retention/generalization uplift and turnover/max-drawdown penalties.,2.302605788316042,2.1469881144530882,0.25,8.870967741935484,-0.03763854786479093,1.003609458823779,2.8236052798890996,3,1,3,2.212342396539716,2.089147403970572,7.691703835917263,-0.0547980898720456,9.01639344262295,3,3,base_macro,macro_context,False,Baseline technical features plus macro context.,fold_01,True
robust_q25_retention,25th percentile validation Sharpe with retention/generalization uplift and turnover/max-drawdown penalties.,2.254076916518313,2.251148559495526,0.25,10.790322580645162,-0.04376096727564127,0.9939585094463795,2.5431786216315553,3,1,3,2.425692073578083,2.0640592556475066,9.659379384002719,-0.05860695210904843,11.426229508196721,3,3,base_macro_exogenous_plus,calendar_exogenous,False,Baseline technical and macro features plus event/calendar exogenous features.,fold_01,False
robust_q25_retention,25th percentile validation Sharpe with retention/generalization uplift and turnover/max-drawdown penalties.,2.13839812389364,2.291820611400859,0.25,12.935483870967742,-0.0394571863359785,0.8231244283181678,2.443233144223888,3,1,3,2.3891077609926508,1.9255809653883904,8.060575570113926,-0.05747386330771698,13.147540983606557,3,3,base_macro_hmm,negative_control_hmm,True,HMM-enhanced feature set treated as a negative control.,fold_01,False
robust_q25_retention,25th percentile validation Sharpe with retention/generalization uplift and turnover/max-drawdown penalties.,2.0760133396972513,2.17840666860229,0.25,12.983870967741936,-0.04254438780648795,0.7930259110415513,2.890883448897643,3,1,3,2.2947534923675716,1.6352668870740685,6.948987608820745,-0.06576113359759173,13.049180327868852,3,3,base_macro_gru,negative_control_gru,True,GRU-enhanced feature set treated as a negative control.,fold_01,False
robust_q25_retention,25th percentile validation Sharpe with retention/generalization uplift and turnover/max-drawdown penalties.,1.923438636457768,2.051317863056435,0.25,12.903225806451612,-0.038639675391041295,0.9970279961797256,2.302029436407099,3,1,3,2.1486132641952964,2.1410285956095354,8.191041631993045,-0.06353920530439905,13.098360655737705,3,3,base,technical_base,False,"Prices, returns, and baseline technical risk features.",fold_01,False
sharpe_only,Baseline rule: median validation Sharpe only.,0.7835454158533052,0.7835454158533052,0.5,13.578125,-0.03929495423711549,-0.8090519630290903,0.8023329940146412,3,1,3,0.7835454158533052,-0.7181526691846436,-1.7211117453540425,-0.046161302795990844,13.634920634920634,3,3,base,technical_base,False,"Prices, returns, and baseline technical risk features.",fold_02,True
sharpe_only,Baseline rule: median validation Sharpe only.,0.45709066759342304,0.45709066759342304,0.5,17.734375,-0.04796347938294809,-0.4820080457167589,0.4524315360422139,3,1,3,0.45709066759342304,-0.3136654435326277,-0.7778928627195203,-0.03138824927220685,17.126984126984127,3,3,base_macro_hmm,negative_control_hmm,True,HMM-enhanced feature set treated as a negative control.,fold_02,False
sharpe_only,Baseline rule: median validation Sharpe only.,0.40783697204237523,0.40783697204237523,0.5,8.984375,-0.06019005154314361,0.10858162102435806,0.48057170645273084,3,1,3,0.40783697204237523,0.023522708024679723,-0.007859695251832832,-0.030243781492768518,9.0,3,3,base_macro_exogenous_plus,calendar_exogenous,False,Baseline technical and macro features plus event/calendar exogenous features.,fold_02,False
sharpe_only,Baseline rule: median validation Sharpe only.,0.29958130354953694,0.29958130354953694,0.5,14.90625,-0.05043703209338968,2.7047742512776427,0.3992935666710947,3,1,3,0.29958130354953694,0.9044651054555707,2.0279408750587535,-0.029021198127727965,13.380952380952381,3,3,base_macro,macro_context,False,Baseline technical features plus macro context.,fold_02,False
sharpe_only,Baseline rule: median validation Sharpe only.,0.14872107519765107,0.14872107519765107,0.5,10.171875,-0.05106005214157072,1.5986006611177217,0.1322570458762528,3,1,3,0.14872107519765107,0.2457331312027333,0.4270298744674772,-0.03461929548157816,10.317460317460318,3,3,base_macro_gru,negative_control_gru,True,GRU-enhanced feature set treated as a negative control.,fold_02,False
robust_q25,25th percentile validation Sharpe with turnover and drawdown penalties.,-0.009901208958721708,0.7475949495155093,0.25,13.578125,-0.03929495423711549,-0.8090519630290903,0.8023329940146412,3,1,3,0.7835454158533052,-0.7181526691846436,-1.7211117453540425,-0.046161302795990844,13.634920634920634,3,3,base,technical_base,False,"Prices, returns, and baseline technical risk features.",fold_02,True
robust_q25,25th percentile validation Sharpe with turnover and drawdown penalties.,-0.2573622750953597,0.3122365779909275,0.25,8.984375,-0.06019005154314361,0.10858162102435806,0.48057170645273084,3,1,3,0.40783697204237523,0.023522708024679723,-0.007859695251832832,-0.030243781492768518,9.0,3,3,base_macro_exogenous_plus,calendar_exogenous,False,Baseline technical and macro features plus event/calendar exogenous features.,fold_02,False
robust_q25,25th percentile validation Sharpe with turnover and drawdown penalties.,-0.498970986019904,0.11174286826323757,0.25,10.171875,-0.05106005214157072,1.5986006611177217,0.1322570458762528,3,1,3,0.14872107519765107,0.2457331312027333,0.4270298744674772,-0.03461929548157816,10.317460317460318,3,3,base_macro_gru,negative_control_gru,True,GRU-enhanced feature set treated as a negative control.,fold_02,False
robust_q25,25th percentile validation Sharpe with turnover and drawdown penalties.,-0.64081097555059,0.3418347332153062,0.25,17.734375,-0.04796347938294809,-0.4820080457167589,0.4524315360422139,3,1,3,0.45709066759342304,-0.3136654435326277,-0.7778928627195203,-0.03138824927220685,17.126984126984127,3,3,base_macro_hmm,negative_control_hmm,True,HMM-enhanced feature set treated as a negative control.,fold_02,False
robust_q25,25th percentile validation Sharpe with turnover and drawdown penalties.,-0.6770687134668709,0.16911785071990845,0.25,14.90625,-0.05043703209338968,2.7047742512776427,0.3992935666710947,3,1,3,0.29958130354953694,0.9044651054555707,2.0279408750587535,-0.029021198127727965,13.380952380952381,3,3,base_macro,macro_context,False,Baseline technical features plus macro context.,fold_02,False
robust_q25_retention,25th percentile validation Sharpe with retention/generalization uplift and turnover/max-drawdown penalties.,0.059018884353204015,0.16911785071990845,0.25,14.90625,-0.05043703209338968,2.7047742512776427,0.3992935666710947,3,1,3,0.29958130354953694,0.9044651054555707,2.0279408750587535,-0.029021198127727965,13.380952380952381,3,3,base_macro,macro_context,False,Baseline technical features plus macro context.,fold_02,True
robust_q25_retention,25th percentile validation Sharpe with retention/generalization uplift and turnover/max-drawdown penalties.,-0.07948226385903567,0.11174286826323757,0.25,10.171875,-0.05106005214157072,1.5986006611177217,0.1322570458762528,3,1,3,0.14872107519765107,0.2457331312027333,0.4270298744674772,-0.03461929548157816,10.317460317460318,3,3,base_macro_gru,negative_control_gru,True,GRU-enhanced feature set treated as a negative control.,fold_02,False
robust_q25_retention,25th percentile validation Sharpe with retention/generalization uplift and turnover/max-drawdown penalties.,-0.09181425061379811,0.7475949495155093,0.25,13.578125,-0.03929495423711549,-0.8090519630290903,0.8023329940146412,3,1,3,0.7835454158533052,-0.7181526691846436,-1.7211117453540425,-0.046161302795990844,13.634920634920634,3,3,base,technical_base,False,"Prices, returns, and baseline technical risk features.",fold_02,False
robust_q25_retention,25th percentile validation Sharpe with retention/generalization uplift and turnover/max-drawdown penalties.,-0.15813111387136058,0.3122365779909275,0.25,8.984375,-0.06019005154314361,0.10858162102435806,0.48057170645273084,3,1,3,0.40783697204237523,0.023522708024679723,-0.007859695251832832,-0.030243781492768518,9.0,3,3,base_macro_exogenous_plus,calendar_exogenous,False,Baseline technical and macro features plus event/calendar exogenous features.,fold_02,False
robust_q25_retention,25th percentile validation Sharpe with retention/generalization uplift and turnover/max-drawdown penalties.,-0.6934482565734477,0.3418347332153062,0.25,17.734375,-0.04796347938294809,-0.4820080457167589,0.4524315360422139,3,1,3,0.45709066759342304,-0.3136654435326277,-0.7778928627195203,-0.03138824927220685,17.126984126984127,3,3,base_macro_hmm,negative_control_hmm,True,HMM-enhanced feature set treated as a negative control.,fold_02,False
sharpe_only,Baseline rule: median validation Sharpe only.,5.628893795259184,5.628893795259184,0.5,8.887096774193548,-0.026125112747236057,0.4093434202176432,7.255396315936975,3,1,3,5.628893795259184,1.9530448012900066,4.020372154789009,-0.04165951645238708,9.01639344262295,3,3,base_macro,macro_context,False,Baseline technical features plus macro context.,fold_03,True
sharpe_only,Baseline rule: median validation Sharpe only.,5.120137217969249,5.120137217969249,0.5,15.46774193548387,-0.021493637999577042,0.41399174500682095,6.808714992971122,3,1,3,5.120137217969249,2.1196945415414588,3.97514168436075,-0.035117151444682304,16.139344262295083,3,3,base_macro_exogenous_plus,calendar_exogenous,False,Baseline technical and macro features plus event/calendar exogenous features.,fold_03,False
sharpe_only,Baseline rule: median validation Sharpe only.,5.084840293912963,5.084840293912963,0.5,12.790322580645162,-0.022244982372908728,0.40870802734926653,6.249252166170703,3,1,3,5.084840293912963,2.021919734804918,3.7175529183609557,-0.036722583713818535,12.868852459016393,3,3,base_macro_hmm,negative_control_hmm,True,HMM-enhanced feature set treated as a negative control.,fold_03,False
sharpe_only,Baseline rule: median validation Sharpe only.,4.926419328535751,4.926419328535751,0.5,8.870967741935484,-0.022817110448939748,0.36542965517146503,6.102443776092617,3,1,3,4.926419328535751,1.8039323515599779,3.7423435323915566,-0.037599051175479126,9.01639344262295,3,3,base,technical_base,False,"Prices, returns, and baseline technical risk features.",fold_03,False
sharpe_only,Baseline rule: median validation Sharpe only.,4.645232234867661,4.645232234867661,0.5,11.290322580645162,-0.017724890450607433,0.3846804072649162,7.051141783614052,3,1,3,4.645232234867661,1.6792236656774173,3.443129486162211,-0.04619590561588671,11.475409836065573,3,3,base_macro_gru,negative_control_gru,True,GRU-enhanced feature set treated as a negative control.,fold_03,False
robust_q25,25th percentile validation Sharpe with turnover and drawdown penalties.,4.703424091290484,5.200029155494633,0.25,8.887096774193548,-0.026125112747236057,0.4093434202176432,7.255396315936975,3,1,3,5.628893795259184,1.9530448012900066,4.020372154789009,-0.04165951645238708,9.01639344262295,3,3,base_macro,macro_context,False,Baseline technical features plus macro context.,fold_03,True
robust_q25,25th percentile validation Sharpe with turnover and drawdown penalties.,4.363216435770978,4.852399043765631,0.25,8.870967741935484,-0.022817110448939748,0.36542965517146503,6.102443776092617,3,1,3,4.926419328535751,1.8039323515599779,3.7423435323915566,-0.037599051175479126,9.01639344262295,3,3,base,technical_base,False,"Prices, returns, and baseline technical risk features.",fold_03,False
robust_q25,25th percentile validation Sharpe with turnover and drawdown penalties.,4.1216285375123745,4.938002910285722,0.25,15.46774193548387,-0.021493637999577042,0.41399174500682095,6.808714992971122,3,1,3,5.120137217969249,2.1196945415414588,3.97514168436075,-0.035117151444682304,16.139344262295083,3,3,base_macro_exogenous_plus,calendar_exogenous,False,Baseline technical and macro features plus event/calendar exogenous features.,fold_03,False
robust_q25,25th percentile validation Sharpe with turnover and drawdown penalties.,3.905271981269295,4.505237891202768,0.25,11.290322580645162,-0.017724890450607433,0.3846804072649162,7.051141783614052,3,1,3,4.645232234867661,1.6792236656774173,3.443129486162211,-0.04619590561588671,11.475409836065573,3,3,base_macro_gru,negative_control_gru,True,GRU-enhanced feature set treated as a negative control.,fold_03,False
robust_q25,25th percentile validation Sharpe with turnover and drawdown penalties.,3.8442340673780833,4.528240161156159,0.25,12.790322580645162,-0.022244982372908728,0.40870802734926653,6.249252166170703,3,1,3,5.084840293912963,2.021919734804918,3.7175529183609557,-0.036722583713818535,12.868852459016393,3,3,base_macro_hmm,negative_control_hmm,True,HMM-enhanced feature set treated as a negative control.,fold_03,False
robust_q25_retention,25th percentile validation Sharpe with retention/generalization uplift and turnover/max-drawdown penalties.,5.894069393735441,5.200029155494633,0.25,8.887096774193548,-0.026125112747236057,0.4093434202176432,7.255396315936975,3,1,3,5.628893795259184,1.9530448012900066,4.020372154789009,-0.04165951645238708,9.01639344262295,3,3,base_macro,macro_context,False,Baseline technical features plus macro context.,fold_03,True
robust_q25_retention,25th percentile validation Sharpe with retention/generalization uplift and turnover/max-drawdown penalties.,5.369940415977736,4.852399043765631,0.25,8.870967741935484,-0.022817110448939748,0.36542965517146503,6.102443776092617,3,1,3,4.926419328535751,1.8039323515599779,3.7423435323915566,-0.037599051175479126,9.01639344262295,3,3,base,technical_base,False,"Prices, returns, and baseline technical risk features.",fold_03,False
robust_q25_retention,25th percentile validation Sharpe with retention/generalization uplift and turnover/max-drawdown penalties.,5.246433722709748,4.938002910285722,0.25,15.46774193548387,-0.021493637999577042,0.41399174500682095,6.808714992971122,3,1,3,5.120137217969249,2.1196945415414588,3.97514168436075,-0.035117151444682304,16.139344262295083,3,3,base_macro_exogenous_plus,calendar_exogenous,False,Baseline technical and macro features plus event/calendar exogenous features.,fold_03,False
robust_q25_retention,25th percentile validation Sharpe with retention/generalization uplift and turnover/max-drawdown penalties.,5.059113350627632,4.505237891202768,0.25,11.290322580645162,-0.017724890450607433,0.3846804072649162,7.051141783614052,3,1,3,4.645232234867661,1.6792236656774173,3.443129486162211,-0.04619590561588671,11.475409836065573,3,3,base_macro_gru,negative_control_gru,True,GRU-enhanced feature set treated as a negative control.,fold_03,False
robust_q25_retention,25th percentile validation Sharpe with retention/generalization uplift and turnover/max-drawdown penalties.,4.883798899141006,4.528240161156159,0.25,12.790322580645162,-0.022244982372908728,0.40870802734926653,6.249252166170703,3,1,3,5.084840293912963,2.021919734804918,3.7175529183609557,-0.036722583713818535,12.868852459016393,3,3,base_macro_hmm,negative_control_hmm,True,HMM-enhanced feature set treated as a negative control.,fold_03,False
sharpe_only,Baseline rule: median validation Sharpe only.,4.6123857925987855,4.6123857925987855,0.5,13.492063492063492,-0.016586636639584595,1.0278466478882229,4.515630587240343,3,1,3,4.6123857925987855,3.858184463877718,6.552592777469068,-0.015344767550462435,13.492063492063492,3,3,base_macro_gru,negative_control_gru,True,GRU-enhanced feature set treated as a negative control.,fold_04,True
sharpe_only,Baseline rule: median validation Sharpe only.,4.445070117587903,4.445070117587903,0.5,11.11111111111111,-0.014328757856384211,0.9946028541576856,4.332125839402459,3,1,3,4.445070117587903,4.608277276320169,7.937145518267852,-0.015607824612897114,11.11111111111111,3,3,base,technical_base,False,"Prices, returns, and baseline technical risk features.",fold_04,False
sharpe_only,Baseline rule: median validation Sharpe only.,4.291580341014407,4.291580341014407,0.5,12.698412698412698,-0.014894549738579066,0.9595893085398008,4.1490221902520625,3,1,3,4.291580341014407,4.437427376197871,7.679834690116127,-0.01867107846836058,12.698412698412698,3,3,base_macro,macro_context,False,Baseline technical features plus macro context.,fold_04,False
sharpe_only,Baseline rule: median validation Sharpe only.,4.114438608982964,4.114438608982964,0.5,17.80952380952381,-0.015078732740278933,1.0694570717914988,3.7006763526542445,3,1,3,4.114438608982964,4.400215466828809,7.786880850621958,-0.015089535885752348,17.253968253968253,3,3,base_macro_hmm,negative_control_hmm,True,HMM-enhanced feature set treated as a negative control.,fold_04,False
sharpe_only,Baseline rule: median validation Sharpe only.,3.69298542495393,3.69298542495393,0.5,12.698412698412698,-0.01668806317821747,1.1091302158873189,3.8052357119805005,3,1,3,3.69298542495393,4.445429199538581,7.189790920703909,-0.01696387915673514,12.698412698412698,3,3,base_macro_exogenous_plus,calendar_exogenous,False,Baseline technical and macro features plus event/calendar exogenous features.,fold_04,False
robust_q25,25th percentile validation Sharpe with turnover and drawdown penalties.,3.554369864758131,4.138582936026455,0.25,11.11111111111111,-0.014328757856384211,0.9946028541576856,4.332125839402459,3,1,3,4.445070117587903,4.608277276320169,7.937145518267852,-0.015607824612897114,11.11111111111111,3,3,base,technical_base,False,"Prices, returns, and baseline technical risk features.",fold_04,True
robust_q25,25th percentile validation Sharpe with turnover and drawdown penalties.,3.53464927076647,4.199359005164263,0.25,12.698412698412698,-0.014894549738579066,0.9595893085398008,4.1490221902520625,3,1,3,4.291580341014407,4.437427376197871,7.679834690116127,-0.01867107846836058,12.698412698412698,3,3,base_macro,macro_context,False,Baseline technical features plus macro context.,fold_04,False
robust_q25,25th percentile validation Sharpe with turnover and drawdown penalties.,3.2630691578960875,3.9708456057784316,0.25,13.492063492063492,-0.016586636639584595,1.0278466478882229,4.515630587240343,3,1,3,4.6123857925987855,3.858184463877718,6.552592777469068,-0.015344767550462435,13.492063492063492,3,3,base_macro_gru,negative_control_gru,True,GRU-enhanced feature set treated as a negative control.,fold_04,False
robust_q25,25th percentile validation Sharpe with turnover and drawdown penalties.,2.9968591478732067,3.6651559091502763,0.25,12.698412698412698,-0.01668806317821747,1.1091302158873189,3.8052357119805005,3,1,3,3.69298542495393,4.445429199538581,7.189790920703909,-0.01696387915673514,12.698412698412698,3,3,base_macro_exogenous_plus,calendar_exogenous,False,Baseline technical and macro features plus event/calendar exogenous features.,fold_04,False
robust_q25,25th percentile validation Sharpe with turnover and drawdown penalties.,2.7789707373108055,3.6996043932675535,0.25,17.80952380952381,-0.015078732740278933,1.0694570717914988,3.7006763526542445,3,1,3,4.114438608982964,4.400215466828809,7.786880850621958,-0.015089535885752348,17.253968253968253,3,3,base_macro_hmm,negative_control_hmm,True,HMM-enhanced feature set treated as a negative control.,fold_04,False
robust_q25_retention,25th percentile validation Sharpe with retention/generalization uplift and turnover/max-drawdown penalties.,4.452839454207922,4.138582936026455,0.25,11.11111111111111,-0.014328757856384211,0.9946028541576856,4.332125839402459,3,1,3,4.445070117587903,4.608277276320169,7.937145518267852,-0.015607824612897114,11.11111111111111,3,3,base,technical_base,False,"Prices, returns, and baseline technical risk features.",fold_04,True
robust_q25_retention,25th percentile validation Sharpe with retention/generalization uplift and turnover/max-drawdown penalties.,4.3968999264392306,4.199359005164263,0.25,12.698412698412698,-0.014894549738579066,0.9595893085398008,4.1490221902520625,3,1,3,4.291580341014407,4.437427376197871,7.679834690116127,-0.01867107846836058,12.698412698412698,3,3,base_macro,macro_context,False,Baseline technical features plus macro context.,fold_04,False
robust_q25_retention,25th percentile validation Sharpe with retention/generalization uplift and turnover/max-drawdown penalties.,4.197375407954194,3.9708456057784316,0.25,13.492063492063492,-0.016586636639584595,1.0278466478882229,4.515630587240343,3,1,3,4.6123857925987855,3.858184463877718,6.552592777469068,-0.015344767550462435,13.492063492063492,3,3,base_macro_gru,negative_control_gru,True,GRU-enhanced feature set treated as a negative control.,fold_04,False
robust_q25_retention,25th percentile validation Sharpe with retention/generalization uplift and turnover/max-drawdown penalties.,3.844927058642112,3.6651559091502763,0.25,12.698412698412698,-0.01668806317821747,1.1091302158873189,3.8052357119805005,3,1,3,3.69298542495393,4.445429199538581,7.189790920703909,-0.01696387915673514,12.698412698412698,3,3,base_macro_exogenous_plus,calendar_exogenous,False,Baseline technical and macro features plus event/calendar exogenous features.,fold_04,False
robust_q25_retention,25th percentile validation Sharpe with retention/generalization uplift and turnover/max-drawdown penalties.,3.601436458156817,3.6996043932675535,0.25,17.80952380952381,-0.015078732740278933,1.0694570717914988,3.7006763526542445,3,1,3,4.114438608982964,4.400215466828809,7.786880850621958,-0.015089535885752348,17.253968253968253,3,3,base_macro_hmm,negative_control_hmm,True,HMM-enhanced feature set treated as a negative control.,fold_04,False
sharpe_only,Baseline rule: median validation Sharpe only.,6.905987806897876,6.905987806897876,0.5,16.35483870967742,-0.007237772788501351,-0.147789631978412,6.25401465816137,3,1,3,6.905987806897876,-1.0206333964288377,-5.397017221453437,-0.11600832900524538,15.258333333333333,3,3,base,technical_base,False,"Prices, returns, and baseline technical risk features.",fold_05,True
sharpe_only,Baseline rule: median validation Sharpe only.,6.8463518424093515,6.8463518424093515,0.5,11.290322580645162,-0.007743996520341523,-0.12660850043939595,6.54331376052757,3,1,3,6.8463518424093515,-0.8668063402479436,-4.8695096972167455,-0.10512354992216111,11.666666666666666,3,3,base_macro_hmm,negative_control_hmm,True,HMM-enhanced feature set treated as a negative control.,fold_05,False
sharpe_only,Baseline rule: median validation Sharpe only.,6.4848899062573455,6.4848899062573455,0.5,13.435483870967742,-0.006537079070716545,-0.05408863255616481,5.888622675164973,3,1,3,6.4848899062573455,-0.3733354081978019,-2.5809543142814473,-0.10145425575114353,14.166666666666666,3,3,base_macro,macro_context,False,Baseline technical features plus macro context.,fold_05,False
sharpe_only,Baseline rule: median validation Sharpe only.,6.150395295592574,6.150395295592574,0.5,14.516129032258064,-0.011144064283637678,-0.054870682083554896,6.432771254919974,3,1,3,6.150395295592574,-0.33747638495265175,-2.4142432505027456,-0.0936102331085954,15.666666666666666,3,3,base_macro_gru,negative_control_gru,True,GRU-enhanced feature set treated as a negative control.,fold_05,False
sharpe_only,Baseline rule: median validation Sharpe only.,5.535644923984508,5.535644923984508,0.5,11.161290322580646,-0.010254324204532539,-0.04936220030360243,5.532865334668929,3,1,3,5.535644923984508,-0.26912649815559303,-2.201853711796542,-0.09280142687618231,11.583333333333334,3,3,base_macro_exogenous_plus,calendar_exogenous,False,Baseline technical and macro features plus event/calendar exogenous features.,fold_05,False
robust_q25,25th percentile validation Sharpe with turnover and drawdown penalties.,6.0343730619732945,6.866590543034169,0.25,16.35483870967742,-0.007237772788501351,-0.147789631978412,6.25401465816137,3,1,3,6.905987806897876,-1.0206333964288377,-5.397017221453437,-0.11600832900524538,15.258333333333333,3,3,base,technical_base,False,"Prices, returns, and baseline technical risk features.",fold_05,True
robust_q25,25th percentile validation Sharpe with turnover and drawdown penalties.,6.030943936080548,6.610948058153489,0.25,11.290322580645162,-0.007743996520341523,-0.12660850043939595,6.54331376052757,3,1,3,6.8463518424093515,-0.8668063402479436,-4.8695096972167455,-0.10512354992216111,11.666666666666666,3,3,base_macro_hmm,negative_control_hmm,True,HMM-enhanced feature set treated as a negative control.,fold_05,False
robust_q25,25th percentile validation Sharpe with turnover and drawdown penalties.,5.586039432634205,6.270887784324025,0.25,13.435483870967742,-0.006537079070716545,-0.05408863255616481,5.888622675164973,3,1,3,6.4848899062573455,-0.3733354081978019,-2.5809543142814473,-0.10145425575114353,14.166666666666666,3,3,base_macro,macro_context,False,Baseline technical features plus macro context.,fold_05,False
robust_q25,25th percentile validation Sharpe with turnover and drawdown penalties.,5.3973010001628525,6.145395580343031,0.25,14.516129032258064,-0.011144064283637678,-0.054870682083554896,6.432771254919974,3,1,3,6.150395295592574,-0.33747638495265175,-2.4142432505027456,-0.0936102331085954,15.666666666666666,3,3,base_macro_gru,negative_control_gru,True,GRU-enhanced feature set treated as a negative control.,fold_05,False
robust_q25,25th percentile validation Sharpe with turnover and drawdown penalties.,4.915287607135749,5.4938607716738455,0.25,11.161290322580646,-0.010254324204532539,-0.04936220030360243,5.532865334668929,3,1,3,5.535644923984508,-0.26912649815559303,-2.201853711796542,-0.09280142687618231,11.583333333333334,3,3,base_macro_exogenous_plus,calendar_exogenous,False,Baseline technical and macro features plus event/calendar exogenous features.,fold_05,False
robust_q25_retention,25th percentile validation Sharpe with retention/generalization uplift and turnover/max-drawdown penalties.,6.980788875049835,6.610948058153489,0.25,11.290322580645162,-0.007743996520341523,-0.12660850043939595,6.54331376052757,3,1,3,6.8463518424093515,-0.8668063402479436,-4.8695096972167455,-0.10512354992216111,11.666666666666666,3,3,base_macro_hmm,negative_control_hmm,True,HMM-enhanced feature set treated as a negative control.,fold_05,True
robust_q25_retention,25th percentile validation Sharpe with retention/generalization uplift and turnover/max-drawdown penalties.,6.935527852702897,6.866590543034169,0.25,16.35483870967742,-0.007237772788501351,-0.147789631978412,6.25401465816137,3,1,3,6.905987806897876,-1.0206333964288377,-5.397017221453437,-0.11600832900524538,15.258333333333333,3,3,base,technical_base,False,"Prices, returns, and baseline technical risk features.",fold_05,False
robust_q25_retention,25th percentile validation Sharpe with retention/generalization uplift and turnover/max-drawdown penalties.,6.45581067576991,6.270887784324025,0.25,13.435483870967742,-0.006537079070716545,-0.05408863255616481,5.888622675164973,3,1,3,6.4848899062573455,-0.3733354081978019,-2.5809543142814473,-0.10145425575114353,14.166666666666666,3,3,base_macro,macro_context,False,Baseline technical features plus macro context.,fold_05,False
robust_q25_retention,25th percentile validation Sharpe with retention/generalization uplift and turnover/max-drawdown penalties.,6.34849901787996,6.145395580343031,0.25,14.516129032258064,-0.011144064283637678,-0.054870682083554896,6.432771254919974,3,1,3,6.150395295592574,-0.33747638495265175,-2.4142432505027456,-0.0936102331085954,15.666666666666666,3,3,base_macro_gru,negative_control_gru,True,GRU-enhanced feature set treated as a negative control.,fold_05,False
robust_q25_retention,25th percentile validation Sharpe with retention/generalization uplift and turnover/max-drawdown penalties.,5.732876857260187,5.4938607716738455,0.25,11.161290322580646,-0.010254324204532539,-0.04936220030360243,5.532865334668929,3,1,3,5.535644923984508,-0.26912649815559303,-2.201853711796542,-0.09280142687618231,11.583333333333334,3,3,base_macro_exogenous_plus,calendar_exogenous,False,Baseline technical and macro features plus event/calendar exogenous features.,fold_05,False
sharpe_only,Baseline rule: median validation Sharpe only.,1.876051858561639,1.876051858561639,0.5,12.698412698412698,-0.03159883526504892,2.3375025329447254,1.6748940493429365,3,1,3,1.876051858561639,4.625873019015853,8.3028144718029,-0.01866702202332038,12.873015873015873,3,3,base_macro_exogenous_plus,calendar_exogenous,False,Baseline technical and macro features plus event/calendar exogenous features.,fold_06,True
sharpe_only,Baseline rule: median validation Sharpe only.,1.8226304925000862,1.8226304925000862,0.5,11.174603174603174,-0.035082511192905286,2.292882071815289,1.5051425407005947,3,1,3,1.8226304925000862,4.1790767797973185,7.988151081758099,-0.019035970962659743,11.071428571428571,3,3,base_macro_hmm,negative_control_hmm,True,HMM-enhanced feature set treated as a negative control.,fold_06,False
sharpe_only,Baseline rule: median validation Sharpe only.,1.7846983081645011,1.7846983081645011,0.5,10.317460317460318,-0.0335526039728804,2.914877344289232,1.5576271449594572,3,1,3,1.7846983081645011,4.936928152471243,7.864853829540963,-0.011721371859370833,10.317460317460318,3,3,base_macro,macro_context,False,Baseline technical features plus macro context.,fold_06,False
sharpe_only,Baseline rule: median validation Sharpe only.,1.6829537860933974,1.6829537860933974,0.5,10.317460317460318,-0.043612214337143906,2.2953488110101485,1.4222519111983833,3,1,3,1.6829537860933974,4.436759082815672,8.778242508916435,-0.020667841611363924,10.317460317460318,3,3,base,technical_base,False,"Prices, returns, and baseline technical risk features.",fold_06,False
sharpe_only,Baseline rule: median validation Sharpe only.,1.4198053915783913,1.4198053915783913,0.5,11.904761904761905,-0.038073379457629675,3.2457424653926488,1.2077206917928967,3,1,3,1.4198053915783913,4.608322652039423,8.447712925247197,-0.020891404316225715,11.904761904761905,3,3,base_macro_gru,negative_control_gru,True,GRU-enhanced feature set treated as a negative control.,fold_06,False
robust_q25,25th percentile validation Sharpe with turnover and drawdown penalties.,1.1562209979247378,1.7391992217435144,0.25,10.317460317460318,-0.0335526039728804,2.914877344289232,1.5576271449594572,3,1,3,1.7846983081645011,4.936928152471243,7.864853829540963,-0.011721371859370833,10.317460317460318,3,3,base_macro,macro_context,False,Baseline technical features plus macro context.,fold_06,True
robust_q25,25th percentile validation Sharpe with turnover and drawdown penalties.,0.8242043099073008,1.4273017544546045,0.25,10.317460317460318,-0.043612214337143906,2.2953488110101485,1.4222519111983833,3,1,3,1.6829537860933974,4.436759082815672,8.778242508916435,-0.020667841611363924,10.317460317460318,3,3,base,technical_base,False,"Prices, returns, and baseline technical risk features.",fold_06,False
robust_q25,25th percentile validation Sharpe with turnover and drawdown penalties.,0.8229779852153183,1.521096290666051,0.25,12.698412698412698,-0.03159883526504892,2.3375025329447254,1.6748940493429365,3,1,3,1.876051858561639,4.625873019015853,8.3028144718029,-0.01866702202332038,12.873015873015873,3,3,base_macro_exogenous_plus,calendar_exogenous,False,Baseline technical and macro features plus event/calendar exogenous features.,fold_06,False
robust_q25,25th percentile validation Sharpe with turnover and drawdown penalties.,0.6103541291333807,1.23924931024935,0.25,11.174603174603174,-0.035082511192905286,2.292882071815289,1.5051425407005947,3,1,3,1.8226304925000862,4.1790767797973185,7.988151081758099,-0.019035970962659743,11.071428571428571,3,3,base_macro_hmm,negative_control_hmm,True,HMM-enhanced feature set treated as a negative control.,fold_06,False
robust_q25,25th percentile validation Sharpe with turnover and drawdown penalties.,0.4553757762676717,1.1267606304210263,0.25,11.904761904761905,-0.038073379457629675,3.2457424653926488,1.2077206917928967,3,1,3,1.4198053915783913,4.608322652039423,8.447712925247197,-0.020891404316225715,11.904761904761905,3,3,base_macro_gru,negative_control_gru,True,GRU-enhanced feature set treated as a negative control.,fold_06,False
robust_q25_retention,25th percentile validation Sharpe with retention/generalization uplift and turnover/max-drawdown penalties.,2.1185844057409646,1.7391992217435144,0.25,10.317460317460318,-0.0335526039728804,2.914877344289232,1.5576271449594572,3,1,3,1.7846983081645011,4.936928152471243,7.864853829540963,-0.011721371859370833,10.317460317460318,3,3,base_macro,macro_context,False,Baseline technical features plus macro context.,fold_06,True
robust_q25_retention,25th percentile validation Sharpe with retention/generalization uplift and turnover/max-drawdown penalties.,1.6585877258529402,1.521096290666051,0.25,12.698412698412698,-0.03159883526504892,2.3375025329447254,1.6748940493429365,3,1,3,1.876051858561639,4.625873019015853,8.3028144718029,-0.01866702202332038,12.873015873015873,3,3,base_macro_exogenous_plus,calendar_exogenous,False,Baseline technical and macro features plus event/calendar exogenous features.,fold_06,False
robust_q25_retention,25th percentile validation Sharpe with retention/generalization uplift and turnover/max-drawdown penalties.,1.6113792993395955,1.4273017544546045,0.25,10.317460317460318,-0.043612214337143906,2.2953488110101485,1.4222519111983833,3,1,3,1.6829537860933974,4.436759082815672,8.778242508916435,-0.020667841611363924,10.317460317460318,3,3,base,technical_base,False,"Prices, returns, and baseline technical risk features.",fold_06,False
robust_q25_retention,25th percentile validation Sharpe with retention/generalization uplift and turnover/max-drawdown penalties.,1.4479694963847682,1.1267606304210263,0.25,11.904761904761905,-0.038073379457629675,3.2457424653926488,1.2077206917928967,3,1,3,1.4198053915783913,4.608322652039423,8.447712925247197,-0.020891404316225715,11.904761904761905,3,3,base_macro_gru,negative_control_gru,True,GRU-enhanced feature set treated as a negative control.,fold_06,False
robust_q25_retention,25th percentile validation Sharpe with retention/generalization uplift and turnover/max-drawdown penalties.,1.4093460281922923,1.23924931024935,0.25,11.174603174603174,-0.035082511192905286,2.292882071815289,1.5051425407005947,3,1,3,1.8226304925000862,4.1790767797973185,7.988151081758099,-0.019035970962659743,11.071428571428571,3,3,base_macro_hmm,negative_control_hmm,True,HMM-enhanced feature set treated as a negative control.,fold_06,False
sharpe_only,Baseline rule: median validation Sharpe only.,-1.3402331696332508,-1.3402331696332508,0.5,9.836065573770492,-0.15907260935126688,-2.310803396790615,-1.0665473242386523,3,1,3,-1.3402331696332508,3.25179150527683,9.731734493208277,-0.03195027066199618,9.836065573770492,3,3,base_macro,macro_context,False,Baseline technical features plus macro context.,fold_07,True
sharpe_only,Baseline rule: median validation Sharpe only.,-1.35719384955836,-1.35719384955836,0.5,9.836065573770492,-0.1468902026090655,-2.0800066314017025,-1.1710083637527184,3,1,3,-1.35719384955836,2.822972207178993,8.310239333262427,-0.03115469353300493,9.836065573770492,3,3,base,technical_base,False,"Prices, returns, and baseline technical risk features.",fold_07,False
sharpe_only,Baseline rule: median validation Sharpe only.,-1.4290049510150797,-1.4290049510150797,0.5,11.475409836065573,-0.14044247444717672,-2.4146214903642274,-1.0863082010949945,3,1,3,-1.4290049510150797,3.3826279682042464,8.493401781455766,-0.027996817086621606,11.475409836065573,3,3,base_macro_hmm,negative_control_hmm,True,HMM-enhanced feature set treated as a negative control.,fold_07,False
sharpe_only,Baseline rule: median validation Sharpe only.,-1.4783908041150418,-1.4783908041150418,0.5,9.01639344262295,-0.14359826651583574,-2.6269994768774674,-1.5236445176438442,3,1,3,-1.4783908041150418,3.67792231807483,10.507727535506795,-0.03098291344257109,9.01639344262295,3,3,base_macro_gru,negative_control_gru,True,GRU-enhanced feature set treated as a negative control.,fold_07,False
sharpe_only,Baseline rule: median validation Sharpe only.,-1.7309067818217345,-1.7309067818217345,0.5,13.934426229508198,-0.18054848841302107,-2.1247360714230887,-1.669326378742933,3,1,3,-1.7309067818217345,3.4936796059167445,10.101090771370691,-0.029663006831524008,13.934426229508198,3,3,base_macro_exogenous_plus,calendar_exogenous,False,Baseline technical and macro features plus event/calendar exogenous features.,fold_07,False
robust_q25,25th percentile validation Sharpe with turnover and drawdown penalties.,-2.2673875789045965,-1.457439081513538,0.25,9.836065573770492,-0.15907260935126688,-2.310803396790615,-1.0665473242386523,3,1,3,-1.3402331696332508,3.25179150527683,9.731734493208277,-0.03195027066199618,9.836065573770492,3,3,base_macro,macro_context,False,Baseline technical features plus macro context.,fold_07,True
robust_q25,25th percentile validation Sharpe with turnover and drawdown penalties.,-2.281901047937588,-1.4963173640309324,0.25,9.836065573770492,-0.1468902026090655,-2.0800066314017025,-1.1710083637527184,3,1,3,-1.35719384955836,2.822972207178993,8.310239333262427,-0.03115469353300493,9.836065573770492,3,3,base,technical_base,False,"Prices, returns, and baseline technical risk features.",fold_07,False
robust_q25,25th percentile validation Sharpe with turnover and drawdown penalties.,-2.3006808114246713,-1.446025370727039,0.25,11.475409836065573,-0.14044247444717672,-2.4146214903642274,-1.0863082010949945,3,1,3,-1.4290049510150797,3.3826279682042464,8.493401781455766,-0.027996817086621606,11.475409836065573,3,3,base_macro_hmm,negative_control_hmm,True,HMM-enhanced feature set treated as a negative control.,fold_07,False
robust_q25,25th percentile validation Sharpe with turnover and drawdown penalties.,-2.350105319056313,-1.6120891138934939,0.25,9.01639344262295,-0.14359826651583574,-2.6269994768774674,-1.5236445176438442,3,1,3,-1.4783908041150418,3.67792231807483,10.507727535506795,-0.03098291344257109,9.01639344262295,3,3,base_macro_gru,negative_control_gru,True,GRU-enhanced feature set treated as a negative control.,fold_07,False
robust_q25,25th percentile validation Sharpe with turnover and drawdown penalties.,-2.8636415585799253,-1.8058232702784731,0.25,13.934426229508198,-0.18054848841302107,-2.1247360714230887,-1.669326378742933,3,1,3,-1.7309067818217345,3.4936796059167445,10.101090771370691,-0.029663006831524008,13.934426229508198,3,3,base_macro_exogenous_plus,calendar_exogenous,False,Baseline technical and macro features plus event/calendar exogenous features.,fold_07,False
robust_q25_retention,25th percentile validation Sharpe with retention/generalization uplift and turnover/max-drawdown penalties.,-2.977553960350922,-1.4963173640309324,0.25,9.836065573770492,-0.1468902026090655,-2.0800066314017025,-1.1710083637527184,3,1,3,-1.35719384955836,2.822972207178993,8.310239333262427,-0.03115469353300493,9.836065573770492,3,3,base,technical_base,False,"Prices, returns, and baseline technical risk features.",fold_07,True
robust_q25_retention,25th percentile validation Sharpe with retention/generalization uplift and turnover/max-drawdown penalties.,-3.005070526738048,-1.457439081513538,0.25,9.836065573770492,-0.15907260935126688,-2.310803396790615,-1.0665473242386523,3,1,3,-1.3402331696332508,3.25179150527683,9.731734493208277,-0.03195027066199618,9.836065573770492,3,3,base_macro,macro_context,False,Baseline technical features plus macro context.,fold_07,False
robust_q25_retention,25th percentile validation Sharpe with retention/generalization uplift and turnover/max-drawdown penalties.,-3.067282414179977,-1.446025370727039,0.25,11.475409836065573,-0.14044247444717672,-2.4146214903642274,-1.0863082010949945,3,1,3,-1.4290049510150797,3.3826279682042464,8.493401781455766,-0.027996817086621606,11.475409836065573,3,3,base_macro_hmm,negative_control_hmm,True,HMM-enhanced feature set treated as a negative control.,fold_07,False
robust_q25_retention,25th percentile validation Sharpe with retention/generalization uplift and turnover/max-drawdown penalties.,-3.2354018659222565,-1.6120891138934939,0.25,9.01639344262295,-0.14359826651583574,-2.6269994768774674,-1.5236445176438442,3,1,3,-1.4783908041150418,3.67792231807483,10.507727535506795,-0.03098291344257109,9.01639344262295,3,3,base_macro_gru,negative_control_gru,True,GRU-enhanced feature set treated as a negative control.,fold_07,False
robust_q25_retention,25th percentile validation Sharpe with retention/generalization uplift and turnover/max-drawdown penalties.,-3.6452245332471374,-1.8058232702784731,0.25,13.934426229508198,-0.18054848841302107,-2.1247360714230887,-1.669326378742933,3,1,3,-1.7309067818217345,3.4936796059167445,10.101090771370691,-0.029663006831524008,13.934426229508198,3,3,base_macro_exogenous_plus,calendar_exogenous,False,Baseline technical and macro features plus event/calendar exogenous features.,fold_07,False
sharpe_only,Baseline rule: median validation Sharpe only.,2.003951046331661,2.003951046331661,0.5,10.317460317460318,-0.04948824654308526,-0.540457476681433,2.137153290087098,3,1,3,2.003951046331661,-1.3747396233280493,-5.44052329766237,-0.06919381735285135,10.317460317460318,3,3,base_macro_hmm,negative_control_hmm,True,HMM-enhanced feature set treated as a negative control.,fold_08,True
sharpe_only,Baseline rule: median validation Sharpe only.,1.8473258400216537,1.8473258400216537,0.5,9.523809523809524,-0.05685149259462974,-0.2593266316682397,1.5757310076817233,3,1,3,1.8473258400216537,-0.4790607876865169,-1.9489792796382743,-0.05922714914023308,9.523809523809524,3,3,base_macro_exogenous_plus,calendar_exogenous,False,Baseline technical and macro features plus event/calendar exogenous features.,fold_08,False
sharpe_only,Baseline rule: median validation Sharpe only.,1.7565257517545814,1.7565257517545814,0.5,7.142857142857143,-0.05084427091287147,-0.3744042573746065,1.7646983011175736,3,1,3,1.7565257517545814,-0.8556453840555566,-2.0698760711803432,-0.06096489813757833,7.142857142857143,3,3,base_macro_gru,negative_control_gru,True,GRU-enhanced feature set treated as a negative control.,fold_08,False
sharpe_only,Baseline rule: median validation Sharpe only.,1.5799761682640692,1.5799761682640692,0.5,12.126984126984127,-0.058454034053347925,-0.5789033410936903,2.073922718069339,3,1,3,1.5799761682640692,-0.8287962287433068,-3.737139998542771,-0.06886591962979027,12.079365079365079,3,3,base_macro,macro_context,False,Baseline technical features plus macro context.,fold_08,False
sharpe_only,Baseline rule: median validation Sharpe only.,1.3413360864805544,1.3413360864805544,0.5,14.285714285714286,-0.06024667334521394,-0.4917576064486001,1.6580615607859541,3,1,3,1.3413360864805544,-1.1756751733831416,-4.084407840684124,-0.06998482614434476,14.285714285714286,3,3,base,technical_base,False,"Prices, returns, and baseline technical risk features.",fold_08,False
robust_q25,25th percentile validation Sharpe with turnover and drawdown penalties.,1.347161188038215,1.9620106969974014,0.25,10.317460317460318,-0.04948824654308526,-0.540457476681433,2.137153290087098,3,1,3,2.003951046331661,-1.3747396233280493,-5.44052329766237,-0.06919381735285135,10.317460317460318,3,3,base_macro_hmm,negative_control_hmm,True,HMM-enhanced feature set treated as a negative control.,fold_08,True
robust_q25,25th percentile validation Sharpe with turnover and drawdown penalties.,1.1521193516835722,1.6109507506521723,0.25,7.142857142857143,-0.05084427091287147,-0.3744042573746065,1.7646983011175736,3,1,3,1.7565257517545814,-0.8556453840555566,-2.0698760711803432,-0.06096489813757833,7.142857142857143,3,3,base_macro_gru,negative_control_gru,True,GRU-enhanced feature set treated as a negative control.,fold_08,False
robust_q25,25th percentile validation Sharpe with turnover and drawdown penalties.,0.8888396608616738,1.4787331222414095,0.25,9.523809523809524,-0.05685149259462974,-0.2593266316682397,1.5757310076817233,3,1,3,1.8473258400216537,-0.4790607876865169,-1.9489792796382743,-0.05922714914023308,9.523809523809524,3,3,base_macro_exogenous_plus,calendar_exogenous,False,Baseline technical and macro features plus event/calendar exogenous features.,fold_08,False
robust_q25,25th percentile validation Sharpe with turnover and drawdown penalties.,0.49413666964920844,1.2173939441051107,0.25,12.126984126984127,-0.058454034053347925,-0.5789033410936903,2.073922718069339,3,1,3,1.5799761682640692,-0.8287962287433068,-3.737139998542771,-0.06886591962979027,12.079365079365079,3,3,base_macro,macro_context,False,Baseline technical features plus macro context.,fold_08,False
robust_q25,25th percentile validation Sharpe with turnover and drawdown penalties.,0.33887937271238244,1.1736584336885247,0.25,14.285714285714286,-0.06024667334521394,-0.4917576064486001,1.6580615607859541,3,1,3,1.3413360864805544,-1.1756751733831416,-4.084407840684124,-0.06998482614434476,14.285714285714286,3,3,base,technical_base,False,"Prices, returns, and baseline technical risk features.",fold_08,False
robust_q25_retention,25th percentile validation Sharpe with retention/generalization uplift and turnover/max-drawdown penalties.,1.5326198123809216,1.9620106969974014,0.25,10.317460317460318,-0.04948824654308526,-0.540457476681433,2.137153290087098,3,1,3,2.003951046331661,-1.3747396233280493,-5.44052329766237,-0.06919381735285135,10.317460317460318,3,3,base_macro_hmm,negative_control_hmm,True,HMM-enhanced feature set treated as a negative control.,fold_08,True
robust_q25_retention,25th percentile validation Sharpe with retention/generalization uplift and turnover/max-drawdown penalties.,1.3232230325075567,1.6109507506521723,0.25,7.142857142857143,-0.05084427091287147,-0.3744042573746065,1.7646983011175736,3,1,3,1.7565257517545814,-0.8556453840555566,-2.0698760711803432,-0.06096489813757833,7.142857142857143,3,3,base_macro_gru,negative_control_gru,True,GRU-enhanced feature set treated as a negative control.,fold_08,False
robust_q25_retention,25th percentile validation Sharpe with retention/generalization uplift and turnover/max-drawdown penalties.,1.0603676540968723,1.4787331222414095,0.25,9.523809523809524,-0.05685149259462974,-0.2593266316682397,1.5757310076817233,3,1,3,1.8473258400216537,-0.4790607876865169,-1.9489792796382743,-0.05922714914023308,9.523809523809524,3,3,base_macro_exogenous_plus,calendar_exogenous,False,Baseline technical and macro features plus event/calendar exogenous features.,fold_08,False
robust_q25_retention,25th percentile validation Sharpe with retention/generalization uplift and turnover/max-drawdown penalties.,0.6604992420861866,1.2173939441051107,0.25,12.126984126984127,-0.058454034053347925,-0.5789033410936903,2.073922718069339,3,1,3,1.5799761682640692,-0.8287962287433068,-3.737139998542771,-0.06886591962979027,12.079365079365079,3,3,base_macro,macro_context,False,Baseline technical features plus macro context.,fold_08,False
robust_q25_retention,25th percentile validation Sharpe with retention/generalization uplift and turnover/max-drawdown penalties.,0.46464920521812547,1.1736584336885247,0.25,14.285714285714286,-0.06024667334521394,-0.4917576064486001,1.6580615607859541,3,1,3,1.3413360864805544,-1.1756751733831416,-4.084407840684124,-0.06998482614434476,14.285714285714286,3,3,base,technical_base,False,"Prices, returns, and baseline technical risk features.",fold_08,False
sharpe_only,Baseline rule: median validation Sharpe only.,6.960914845749867,6.960914845749867,0.5,11.629032258064516,-0.01463319682060793,-0.205084236233427,6.918651988104369,3,1,3,6.960914845749867,-1.4493979471270868,-21.498460731184753,-0.2919894600202535,11.548387096774194,3,3,base_macro_hmm,negative_control_hmm,True,HMM-enhanced feature set treated as a negative control.,fold_09,True
sharpe_only,Baseline rule: median validation Sharpe only.,6.517491326729927,6.517491326729927,0.5,14.806451612903226,-0.017444731843602068,-0.18785649495464782,6.777934558264284,3,1,3,6.517491326729927,-1.2506849342120032,-20.07431122375699,-0.3067443494462224,14.71774193548387,3,3,base_macro,macro_context,False,Baseline technical features plus macro context.,fold_09,False
sharpe_only,Baseline rule: median validation Sharpe only.,6.120351123342398,6.120351123342398,0.5,12.887096774193548,-0.01951420605335974,-0.21777811268011585,6.226179710117691,3,1,3,6.120351123342398,-1.3328785165811343,-20.640774562532037,-0.30645203358217454,12.85483870967742,3,3,base_macro_gru,negative_control_gru,True,GRU-enhanced feature set treated as a negative control.,fold_09,False
sharpe_only,Baseline rule: median validation Sharpe only.,5.949773058173199,5.949773058173199,0.5,11.290322580645162,-0.013477109264721565,-0.21880467179366142,5.708452372732994,3,1,3,5.949773058173199,-1.2587106279371578,-20.008587183220317,-0.32788112871085706,11.290322580645162,3,3,base,technical_base,False,"Prices, returns, and baseline technical risk features.",fold_09,False
sharpe_only,Baseline rule: median validation Sharpe only.,5.59865931033846,5.59865931033846,0.5,11.129032258064516,-0.025018103711743844,-0.21967833149806526,5.522751583902384,3,1,3,5.59865931033846,-1.2299041359212617,-21.018989070471193,-0.33739664608923914,11.112903225806452,3,3,base_macro_exogenous_plus,calendar_exogenous,False,Baseline technical and macro features plus event/calendar exogenous features.,fold_09,False
robust_q25,25th percentile validation Sharpe with turnover and drawdown penalties.,5.721756706978272,6.496968751310638,0.25,14.806451612903226,-0.017444731843602068,-0.18785649495464782,6.777934558264284,3,1,3,6.517491326729927,-1.2506849342120032,-20.07431122375699,-0.3067443494462224,14.71774193548387,3,3,base_macro,macro_context,False,Baseline technical features plus macro context.,fold_09,True
robust_q25,25th percentile validation Sharpe with turnover and drawdown penalties.,5.691734911708711,6.302452918253152,0.25,11.629032258064516,-0.01463319682060793,-0.205084236233427,6.918651988104369,3,1,3,6.960914845749867,-1.4493979471270868,-21.498460731184753,-0.2919894600202535,11.548387096774194,3,3,base_macro_hmm,negative_control_hmm,True,HMM-enhanced feature set treated as a negative control.,fold_09,False
robust_q25,25th percentile validation Sharpe with turnover and drawdown penalties.,4.961390642777271,5.5528609903389725,0.25,11.290322580645162,-0.013477109264721565,-0.21880467179366142,5.708452372732994,3,1,3,5.949773058173199,-1.2587106279371578,-20.008587183220317,-0.32788112871085706,11.290322580645162,3,3,base,technical_base,False,"Prices, returns, and baseline technical risk features.",fold_09,False
robust_q25,25th percentile validation Sharpe with turnover and drawdown penalties.,4.692193071097891,5.298680891424604,0.25,11.129032258064516,-0.025018103711743844,-0.21967833149806526,5.522751583902384,3,1,3,5.59865931033846,-1.2299041359212617,-21.018989070471193,-0.33739664608923914,11.112903225806452,3,3,base_macro_exogenous_plus,calendar_exogenous,False,Baseline technical and macro features plus event/calendar exogenous features.,fold_09,False
robust_q25,25th percentile validation Sharpe with turnover and drawdown penalties.,4.677839541273937,5.361222792090334,0.25,12.887096774193548,-0.01951420605335974,-0.21777811268011585,6.226179710117691,3,1,3,6.120351123342398,-1.3328785165811343,-20.640774562532037,-0.30645203358217454,12.85483870967742,3,3,base_macro_gru,negative_control_gru,True,GRU-enhanced feature set treated as a negative control.,fold_09,False
robust_q25_retention,25th percentile validation Sharpe with retention/generalization uplift and turnover/max-drawdown penalties.,6.691482766979253,6.496968751310638,0.25,14.806451612903226,-0.017444731843602068,-0.18785649495464782,6.777934558264284,3,1,3,6.517491326729927,-1.2506849342120032,-20.07431122375699,-0.3067443494462224,14.71774193548387,3,3,base_macro,macro_context,False,Baseline technical features plus macro context.,fold_09,True
robust_q25_retention,25th percentile validation Sharpe with retention/generalization uplift and turnover/max-drawdown penalties.,6.678261650866009,6.302452918253152,0.25,11.629032258064516,-0.01463319682060793,-0.205084236233427,6.918651988104369,3,1,3,6.960914845749867,-1.4493979471270868,-21.498460731184753,-0.2919894600202535,11.548387096774194,3,3,base_macro_hmm,negative_control_hmm,True,HMM-enhanced feature set treated as a negative control.,fold_09,False
robust_q25_retention,25th percentile validation Sharpe with retention/generalization uplift and turnover/max-drawdown penalties.,5.7629573307388045,5.5528609903389725,0.25,11.290322580645162,-0.013477109264721565,-0.21880467179366142,5.708452372732994,3,1,3,5.949773058173199,-1.2587106279371578,-20.008587183220317,-0.32788112871085706,11.290322580645162,3,3,base,technical_base,False,"Prices, returns, and baseline technical risk features.",fold_09,False
robust_q25_retention,25th percentile validation Sharpe with retention/generalization uplift and turnover/max-drawdown penalties.,5.5573219696215626,5.361222792090334,0.25,12.887096774193548,-0.01951420605335974,-0.21777811268011585,6.226179710117691,3,1,3,6.120351123342398,-1.3328785165811343,-20.640774562532037,-0.30645203358217454,12.85483870967742,3,3,base_macro_gru,negative_control_gru,True,GRU-enhanced feature set treated as a negative control.,fold_09,False
robust_q25_retention,25th percentile validation Sharpe with retention/generalization uplift and turnover/max-drawdown penalties.,5.4656862258087315,5.298680891424604,0.25,11.129032258064516,-0.025018103711743844,-0.21967833149806526,5.522751583902384,3,1,3,5.59865931033846,-1.2299041359212617,-21.018989070471193,-0.33739664608923914,11.112903225806452,3,3,base_macro_exogenous_plus,calendar_exogenous,False,Baseline technical and macro features plus event/calendar exogenous features.,fold_09,False
sharpe_only,Baseline rule: median validation Sharpe only.,2.596134657686767,2.596134657686767,0.5,14.129032258064516,-0.0755019617339846,0.6322821128725153,3.250387674162266,3,1,3,2.596134657686767,1.6414895066637534,7.617274661651985,-0.09888763809639423,13.26984126984127,3,3,base_macro_gru,negative_control_gru,True,GRU-enhanced feature set treated as a negative control.,fold_10,True
sharpe_only,Baseline rule: median validation Sharpe only.,2.489043496748102,2.489043496748102,0.5,12.096774193548388,-0.06201611183235756,0.5037598530427587,3.2866650924573486,3,1,3,2.489043496748102,1.343968185554974,5.912426208133659,-0.09815688966040659,11.904761904761905,3,3,base,technical_base,False,"Prices, returns, and baseline technical risk features.",fold_10,False
sharpe_only,Baseline rule: median validation Sharpe only.,2.4745985648429016,2.4745985648429016,0.5,12.758064516129032,-0.07302323598361427,0.6893952147852064,3.6056554598156496,3,1,3,2.4745985648429016,1.8259079492649786,7.734719844184457,-0.09376060487915172,12.84920634920635,3,3,base_macro,macro_context,False,Baseline technical features plus macro context.,fold_10,False
sharpe_only,Baseline rule: median validation Sharpe only.,2.285961021111143,2.285961021111143,0.5,10.403225806451612,-0.08914044597820792,0.4083929486370846,3.806536258355314,3,1,3,2.285961021111143,0.9949614467416069,4.052145094067394,-0.0862703065198498,11.5,3,3,base_macro_hmm,negative_control_hmm,True,HMM-enhanced feature set treated as a negative control.,fold_10,False
sharpe_only,Baseline rule: median validation Sharpe only.,2.067308170295865,2.067308170295865,0.5,8.870967741935484,-0.07890050466223875,0.4114387547892883,4.031537128184793,3,1,3,2.067308170295865,1.1659277638506251,5.003385238825975,-0.08514714973298687,8.73015873015873,3,3,base_macro_exogenous_plus,calendar_exogenous,False,Baseline technical and macro features plus event/calendar exogenous features.,fold_10,False
robust_q25,25th percentile validation Sharpe with turnover and drawdown penalties.,1.7510565062179848,2.4799274395601194,0.25,12.096774193548388,-0.06201611183235756,0.5037598530427587,3.2866650924573486,3,1,3,2.489043496748102,1.343968185554974,5.912426208133659,-0.09815688966040659,11.904761904761905,3,3,base,technical_base,False,"Prices, returns, and baseline technical risk features.",fold_10,True
robust_q25,25th percentile validation Sharpe with turnover and drawdown penalties.,1.7176391198921792,2.5750946562633743,0.25,14.129032258064516,-0.0755019617339846,0.6322821128725153,3.250387674162266,3,1,3,2.596134657686767,1.6414895066637534,7.617274661651985,-0.09888763809639423,13.26984126984127,3,3,base_macro_gru,negative_control_gru,True,GRU-enhanced feature set treated as a negative control.,fold_10,False
robust_q25,25th percentile validation Sharpe with turnover and drawdown penalties.,1.6735733367304466,2.457523034504127,0.25,12.758064516129032,-0.07302323598361427,0.6893952147852064,3.6056554598156496,3,1,3,2.4745985648429016,1.8259079492649786,7.734719844184457,-0.09376060487915172,12.84920634920635,3,3,base_macro,macro_context,False,Baseline technical features plus macro context.,fold_10,False
robust_q25,25th percentile validation Sharpe with turnover and drawdown penalties.,1.571868785349861,2.2703109676288573,0.25,10.403225806451612,-0.08914044597820792,0.4083929486370846,3.806536258355314,3,1,3,2.285961021111143,0.9949614467416069,4.052145094067394,-0.0862703065198498,11.5,3,3,base_macro_hmm,negative_control_hmm,True,HMM-enhanced feature set treated as a negative control.,fold_10,False
robust_q25,25th percentile validation Sharpe with turnover and drawdown penalties.,1.4197428338484173,2.021092230269669,0.25,8.870967741935484,-0.07890050466223875,0.4114387547892883,4.031537128184793,3,1,3,2.067308170295865,1.1659277638506251,5.003385238825975,-0.08514714973298687,8.73015873015873,3,3,base_macro_exogenous_plus,calendar_exogenous,False,Baseline technical and macro features plus event/calendar exogenous features.,fold_10,False
robust_q25_retention,25th percentile validation Sharpe with retention/generalization uplift and turnover/max-drawdown penalties.,2.3867704593990955,2.457523034504127,0.25,12.758064516129032,-0.07302323598361427,0.6893952147852064,3.6056554598156496,3,1,3,2.4745985648429016,1.8259079492649786,7.734719844184457,-0.09376060487915172,12.84920634920635,3,3,base_macro,macro_context,False,Baseline technical features plus macro context.,fold_10,True
robust_q25_retention,25th percentile validation Sharpe with retention/generalization uplift and turnover/max-drawdown penalties.,2.369996233347277,2.4799274395601194,0.25,12.096774193548388,-0.06201611183235756,0.5037598530427587,3.2866650924573486,3,1,3,2.489043496748102,1.343968185554974,5.912426208133659,-0.09815688966040659,11.904761904761905,3,3,base,technical_base,False,"Prices, returns, and baseline technical risk features.",fold_10,False
robust_q25_retention,25th percentile validation Sharpe with retention/generalization uplift and turnover/max-drawdown penalties.,2.363267799234648,2.5750946562633743,0.25,14.129032258064516,-0.0755019617339846,0.6322821128725153,3.250387674162266,3,1,3,2.596134657686767,1.6414895066637534,7.617274661651985,-0.09888763809639423,13.26984126984127,3,3,base_macro_gru,negative_control_gru,True,GRU-enhanced feature set treated as a negative control.,fold_10,False
robust_q25_retention,25th percentile validation Sharpe with retention/generalization uplift and turnover/max-drawdown penalties.,2.244947461262429,2.2703109676288573,0.25,10.403225806451612,-0.08914044597820792,0.4083929486370846,3.806536258355314,3,1,3,2.285961021111143,0.9949614467416069,4.052145094067394,-0.0862703065198498,11.5,3,3,base_macro_hmm,negative_control_hmm,True,HMM-enhanced feature set treated as a negative control.,fold_10,False
robust_q25_retention,25th percentile validation Sharpe with retention/generalization uplift and turnover/max-drawdown penalties.,2.1273330917734583,2.021092230269669,0.25,8.870967741935484,-0.07890050466223875,0.4114387547892883,4.031537128184793,3,1,3,2.067308170295865,1.1659277638506251,5.003385238825975,-0.08514714973298687,8.73015873015873,3,3,base_macro_exogenous_plus,calendar_exogenous,False,Baseline technical and macro features plus event/calendar exogenous features.,fold_10,False
sharpe_only,Baseline rule: median validation Sharpe only.,3.189022924992049,3.189022924992049,0.5,12.096774193548388,-0.0881737714703612,0.8437010118766566,5.211004015109776,3,1,3,3.189022924992049,2.631767369556407,10.799787371604918,-0.05312084615636581,12.295081967213115,3,3,base_macro,macro_context,False,Baseline technical features plus macro context.,fold_11,True
sharpe_only,Baseline rule: median validation Sharpe only.,3.1228184455738424,3.1228184455738424,0.5,11.290322580645162,-0.08391855642975321,1.0211729939737453,3.9797729282197305,3,1,3,3.1228184455738424,2.531494295186559,9.722435013165253,-0.04143942159436198,11.475409836065573,3,3,base_macro_hmm,negative_control_hmm,True,HMM-enhanced feature set treated as a negative control.,fold_11,False
sharpe_only,Baseline rule: median validation Sharpe only.,3.0666525616141405,3.0666525616141405,0.5,9.67741935483871,-0.07807964368448861,0.7863830542960154,4.638745694255588,3,1,3,3.0666525616141405,2.297641076528674,8.502916910119618,-0.05308874884376924,9.836065573770492,3,3,base,technical_base,False,"Prices, returns, and baseline technical risk features.",fold_11,False
sharpe_only,Baseline rule: median validation Sharpe only.,2.9742526314405002,2.9742526314405002,0.5,12.096774193548388,-0.0902084714257736,0.7952360891883244,4.643944528091811,3,1,3,2.9742526314405002,2.2645534623490495,10.281300517077252,-0.04761319185797985,12.295081967213115,3,3,base_macro_gru,negative_control_gru,True,GRU-enhanced feature set treated as a negative control.,fold_11,False
sharpe_only,Baseline rule: median validation Sharpe only.,2.799266241762684,2.799266241762684,0.5,16.93548387096774,-0.08576515190350753,0.8368960098347559,3.756711831715213,3,1,3,2.799266241762684,2.570962355054477,9.82273808099665,-0.05664944142896844,17.21311475409836,3,3,base_macro_exogenous_plus,calendar_exogenous,False,Baseline technical and macro features plus event/calendar exogenous features.,fold_11,False
robust_q25,25th percentile validation Sharpe with turnover and drawdown penalties.,2.3682816685786263,3.149467921196768,0.25,12.096774193548388,-0.0881737714703612,0.8437010118766566,5.211004015109776,3,1,3,3.189022924992049,2.631767369556407,10.799787371604918,-0.05312084615636581,12.295081967213115,3,3,base_macro,macro_context,False,Baseline technical features plus macro context.,fold_11,True
robust_q25,25th percentile validation Sharpe with turnover and drawdown penalties.,2.309191764527219,2.949222019638132,0.25,9.67741935483871,-0.07807964368448861,0.7863830542960154,4.638745694255588,3,1,3,3.0666525616141405,2.297641076528674,8.502916910119618,-0.05308874884376924,9.836065573770492,3,3,base,technical_base,False,"Prices, returns, and baseline technical risk features.",fold_11,False
robust_q25,25th percentile validation Sharpe with turnover and drawdown penalties.,2.005820837578134,2.7910764901071006,0.25,12.096774193548388,-0.0902084714257736,0.7952360891883244,4.643944528091811,3,1,3,2.9742526314405002,2.2645534623490495,10.281300517077252,-0.04761319185797985,12.295081967213115,3,3,base_macro_gru,negative_control_gru,True,GRU-enhanced feature set treated as a negative control.,fold_11,False
robust_q25,25th percentile validation Sharpe with turnover and drawdown penalties.,1.8639260744061488,2.596279316297913,0.25,11.290322580645162,-0.08391855642975321,1.0211729939737453,3.9797729282197305,3,1,3,3.1228184455738424,2.531494295186559,9.722435013165253,-0.04143942159436198,11.475409836065573,3,3,base_macro_hmm,negative_control_hmm,True,HMM-enhanced feature set treated as a negative control.,fold_11,False
robust_q25,25th percentile validation Sharpe with turnover and drawdown penalties.,1.7275804147326503,2.7458849120880524,0.25,16.93548387096774,-0.08576515190350753,0.8368960098347559,3.756711831715213,3,1,3,2.799266241762684,2.570962355054477,9.82273808099665,-0.05664944142896844,17.21311475409836,3,3,base_macro_exogenous_plus,calendar_exogenous,False,Baseline technical and macro features plus event/calendar exogenous features.,fold_11,False
robust_q25_retention,25th percentile validation Sharpe with retention/generalization uplift and turnover/max-drawdown penalties.,3.3608575238142566,3.149467921196768,0.25,12.096774193548388,-0.0881737714703612,0.8437010118766566,5.211004015109776,3,1,3,3.189022924992049,2.631767369556407,10.799787371604918,-0.05312084615636581,12.295081967213115,3,3,base_macro,macro_context,False,Baseline technical features plus macro context.,fold_11,True
robust_q25_retention,25th percentile validation Sharpe with retention/generalization uplift and turnover/max-drawdown penalties.,3.201599382239561,2.949222019638132,0.25,9.67741935483871,-0.07807964368448861,0.7863830542960154,4.638745694255588,3,1,3,3.0666525616141405,2.297641076528674,8.502916910119618,-0.05308874884376924,9.836065573770492,3,3,base,technical_base,False,"Prices, returns, and baseline technical risk features.",fold_11,False
robust_q25_retention,25th percentile validation Sharpe with retention/generalization uplift and turnover/max-drawdown penalties.,2.901221539088987,2.7910764901071006,0.25,12.096774193548388,-0.0902084714257736,0.7952360891883244,4.643944528091811,3,1,3,2.9742526314405002,2.2645534623490495,10.281300517077252,-0.04761319185797985,12.295081967213115,3,3,base_macro_gru,negative_control_gru,True,GRU-enhanced feature set treated as a negative control.,fold_11,False
robust_q25_retention,25th percentile validation Sharpe with retention/generalization uplift and turnover/max-drawdown penalties.,2.7161852621325453,2.596279316297913,0.25,11.290322580645162,-0.08391855642975321,1.0211729939737453,3.9797729282197305,3,1,3,3.1228184455738424,2.531494295186559,9.722435013165253,-0.04143942159436198,11.475409836065573,3,3,base_macro_hmm,negative_control_hmm,True,HMM-enhanced feature set treated as a negative control.,fold_11,False
robust_q25_retention,25th percentile validation Sharpe with retention/generalization uplift and turnover/max-drawdown penalties.,2.5003111919486214,2.7458849120880524,0.25,16.93548387096774,-0.08576515190350753,0.8368960098347559,3.756711831715213,3,1,3,2.799266241762684,2.570962355054477,9.82273808099665,-0.05664944142896844,17.21311475409836,3,3,base_macro_exogenous_plus,calendar_exogenous,False,Baseline technical and macro features plus event/calendar exogenous features.,fold_11,False
sharpe_only,Baseline rule: median validation Sharpe only.,2.4473135469218854,2.4473135469218854,0.5,9.523809523809524,-0.033068853897145645,-0.07583764624386281,2.8381937798212906,3,1,3,2.4473135469218854,-0.1855984990192751,-0.7728589798778773,-0.049855581697645146,9.67741935483871,3,3,base_macro,macro_context,False,Baseline technical features plus macro context.,fold_12,True
sharpe_only,Baseline rule: median validation Sharpe only.,2.346689231274268,2.346689231274268,0.5,11.11111111111111,-0.036170171430057296,-0.11032070292199445,2.5758154017347863,3,1,3,2.346689231274268,-0.25888840553365206,-0.9478980328864961,-0.0439773307531337,11.290322580645162,3,3,base_macro_exogenous_plus,calendar_exogenous,False,Baseline technical and macro features plus event/calendar exogenous features.,fold_12,False
sharpe_only,Baseline rule: median validation Sharpe only.,2.2162495207617785,2.2162495207617785,0.5,10.65079365079365,-0.04142049671470882,0.17954825773447544,2.7867076312732926,3,1,3,2.2162495207617785,0.3973912011691085,0.9521158171753141,-0.04035749563537583,10.838709677419354,3,3,base,technical_base,False,"Prices, returns, and baseline technical risk features.",fold_12,False
sharpe_only,Baseline rule: median validation Sharpe only.,2.2031562359252894,2.2031562359252894,0.5,8.746031746031745,-0.03910541609662854,0.10151213549364627,2.2106422291974885,3,1,3,2.2031562359252894,0.16836033918075471,0.3367510488677894,-0.047440896928021115,9.016129032258064,3,3,base_macro_gru,negative_control_gru,True,GRU-enhanced feature set treated as a negative control.,fold_12,False
sharpe_only,Baseline rule: median validation Sharpe only.,1.8548516120201821,1.8548516120201821,0.5,13.492063492063492,-0.0374287716448366,-0.15228650631695126,2.1876288325717224,3,1,3,1.8548516120201821,-0.29875486002733614,-1.1424018384773027,-0.0482335573486502,13.709677419354838,3,3,base_macro_hmm,negative_control_hmm,True,HMM-enhanced feature set treated as a negative control.,fold_12,False
robust_q25,25th percentile validation Sharpe with turnover and drawdown penalties.,1.5993858479781882,2.2147665239472882,0.25,10.65079365079365,-0.04142049671470882,0.17954825773447544,2.7867076312732926,3,1,3,2.2162495207617785,0.3973912011691085,0.9521158171753141,-0.04035749563537583,10.838709677419354,3,3,base,technical_base,False,"Prices, returns, and baseline technical risk features.",fold_12,True
robust_q25,25th percentile validation Sharpe with turnover and drawdown penalties.,1.4810127158979756,2.1089086143136457,0.25,11.11111111111111,-0.036170171430057296,-0.11032070292199445,2.5758154017347863,3,1,3,2.346689231274268,-0.25888840553365206,-0.9478980328864961,-0.0439773307531337,11.290322580645162,3,3,base_macro_exogenous_plus,calendar_exogenous,False,Baseline technical and macro features plus event/calendar exogenous features.,fold_12,False
robust_q25,25th percentile validation Sharpe with turnover and drawdown penalties.,1.4310696877215496,1.9733978717063172,0.25,9.523809523809524,-0.033068853897145645,-0.07583764624386281,2.8381937798212906,3,1,3,2.4473135469218854,-0.1855984990192751,-0.7728589798778773,-0.049855581697645146,9.67741935483871,3,3,base_macro,macro_context,False,Baseline technical features plus macro context.,fold_12,False
robust_q25,25th percentile validation Sharpe with turnover and drawdown penalties.,1.4153278273848526,1.930840246879697,0.25,8.746031746031745,-0.03910541609662854,0.10151213549364627,2.2106422291974885,3,1,3,2.2031562359252894,0.16836033918075471,0.3367510488677894,-0.047440896928021115,9.016129032258064,3,3,base_macro_gru,negative_control_gru,True,GRU-enhanced feature set treated as a negative control.,fold_12,False
robust_q25,25th percentile validation Sharpe with turnover and drawdown penalties.,1.0184595393958447,1.7679202572886925,0.25,13.492063492063492,-0.0374287716448366,-0.15228650631695126,2.1876288325717224,3,1,3,1.8548516120201821,-0.29875486002733614,-1.1424018384773027,-0.0482335573486502,13.709677419354838,3,3,base_macro_hmm,negative_control_hmm,True,HMM-enhanced feature set treated as a negative control.,fold_12,False
robust_q25_retention,25th percentile validation Sharpe with retention/generalization uplift and turnover/max-drawdown penalties.,2.062279057102801,2.2147665239472882,0.25,10.65079365079365,-0.04142049671470882,0.17954825773447544,2.7867076312732926,3,1,3,2.2162495207617785,0.3973912011691085,0.9521158171753141,-0.04035749563537583,10.838709677419354,3,3,base,technical_base,False,"Prices, returns, and baseline technical risk features.",fold_12,True
robust_q25_retention,25th percentile validation Sharpe with retention/generalization uplift and turnover/max-drawdown penalties.,1.8398048504276951,2.1089086143136457,0.25,11.11111111111111,-0.036170171430057296,-0.11032070292199445,2.5758154017347863,3,1,3,2.346689231274268,-0.25888840553365206,-0.9478980328864961,-0.0439773307531337,11.290322580645162,3,3,base_macro_exogenous_plus,calendar_exogenous,False,Baseline technical and macro features plus event/calendar exogenous features.,fold_12,False
robust_q25_retention,25th percentile validation Sharpe with retention/generalization uplift and turnover/max-drawdown penalties.,1.8378393431337774,1.9733978717063172,0.25,9.523809523809524,-0.033068853897145645,-0.07583764624386281,2.8381937798212906,3,1,3,2.4473135469218854,-0.1855984990192751,-0.7728589798778773,-0.049855581697645146,9.67741935483871,3,3,base_macro,macro_context,False,Baseline technical features plus macro context.,fold_12,False
robust_q25_retention,25th percentile validation Sharpe with retention/generalization uplift and turnover/max-drawdown penalties.,1.7723021956378875,1.930840246879697,0.25,8.746031746031745,-0.03910541609662854,0.10151213549364627,2.2106422291974885,3,1,3,2.2031562359252894,0.16836033918075471,0.3367510488677894,-0.047440896928021115,9.016129032258064,3,3,base_macro_gru,negative_control_gru,True,GRU-enhanced feature set treated as a negative control.,fold_12,False
robust_q25_retention,25th percentile validation Sharpe with retention/generalization uplift and turnover/max-drawdown penalties.,1.3085322377023654,1.7679202572886925,0.25,13.492063492063492,-0.0374287716448366,-0.15228650631695126,2.1876288325717224,3,1,3,1.8548516120201821,-0.29875486002733614,-1.1424018384773027,-0.0482335573486502,13.709677419354838,3,3,base_macro_hmm,negative_control_hmm,True,HMM-enhanced feature set treated as a negative control.,fold_12,False
sharpe_only,Baseline rule: median validation Sharpe only.,4.251266296170514,4.251266296170514,0.5,9.67741935483871,-0.03451269371437604,-0.2609163534794725,4.172558668375947,3,1,3,4.251266296170514,-1.1092248996669938,-4.837034360780324,-0.12240130267991622,10.704918032786885,3,3,base_macro_gru,negative_control_gru,True,GRU-enhanced feature set treated as a negative control.,fold_13,True
sharpe_only,Baseline rule: median validation Sharpe only.,3.671156007985256,3.671156007985256,0.5,12.903225806451612,-0.05082795197283485,-0.12562305272596636,3.442790214610818,3,1,3,3.671156007985256,-0.4611818247563799,-2.2109092732292,-0.088378411785896,13.049180327868852,3,3,base,technical_base,False,"Prices, returns, and baseline technical risk features.",fold_13,False
sharpe_only,Baseline rule: median validation Sharpe only.,3.3631403481649893,3.3631403481649893,0.5,9.67741935483871,-0.0444633916815107,-0.027277739937594914,3.5099216979496313,3,1,3,3.3631403481649893,-0.0983525046531334,-0.7272242903816117,-0.09360983529752198,9.836065573770492,3,3,base_macro,macro_context,False,Baseline technical features plus macro context.,fold_13,False
sharpe_only,Baseline rule: median validation Sharpe only.,2.912361553458459,2.912361553458459,0.5,9.693548387096774,-0.052069440946760026,-0.24641336751472434,3.691190520731229,3,1,3,2.912361553458459,-1.0459532548803037,-5.1249412712859765,-0.11208069170455903,9.836065573770492,3,3,base_macro_hmm,negative_control_hmm,True,HMM-enhanced feature set treated as a negative control.,fold_13,False
sharpe_only,Baseline rule: median validation Sharpe only.,2.835357770235813,2.835357770235813,0.5,16.725806451612904,-0.04320146914896683,-0.3001804143962798,2.759191162264651,3,1,3,2.835357770235813,-1.0713063667794533,-5.355616396319551,-0.1165135292237317,16.21311475409836,3,3,base_macro_exogenous_plus,calendar_exogenous,False,Baseline technical and macro features plus event/calendar exogenous features.,fold_13,False
robust_q25,25th percentile validation Sharpe with turnover and drawdown penalties.,3.2236751036873614,3.776571458858049,0.25,9.67741935483871,-0.03451269371437604,-0.2609163534794725,4.172558668375947,3,1,3,4.251266296170514,-1.1092248996669938,-4.837034360780324,-0.12240130267991622,10.704918032786885,3,3,base_macro_gru,negative_control_gru,True,GRU-enhanced feature set treated as a negative control.,fold_13,True
robust_q25,25th percentile validation Sharpe with turnover and drawdown penalties.,2.589493996520682,3.336311190788932,0.25,12.903225806451612,-0.05082795197283485,-0.12562305272596636,3.442790214610818,3,1,3,3.671156007985256,-0.4611818247563799,-2.2109092732292,-0.088378411785896,13.049180327868852,3,3,base,technical_base,False,"Prices, returns, and baseline technical risk features.",fold_13,False
robust_q25,25th percentile validation Sharpe with turnover and drawdown penalties.,2.4624939905882717,3.0352917416932286,0.25,9.67741935483871,-0.0444633916815107,-0.027277739937594914,3.5099216979496313,3,1,3,3.3631403481649893,-0.0983525046531334,-0.7272242903816117,-0.09360983529752198,9.836065573770492,3,3,base_macro,macro_context,False,Baseline technical features plus macro context.,fold_13,False
robust_q25,25th percentile validation Sharpe with turnover and drawdown penalties.,2.29154870947764,2.880365010725999,0.25,9.693548387096774,-0.052069440946760026,-0.24641336751472434,3.691190520731229,3,1,3,2.912361553458459,-1.0459532548803037,-5.1249412712859765,-0.11208069170455903,9.836065573770492,3,3,base_macro_hmm,negative_control_hmm,True,HMM-enhanced feature set treated as a negative control.,fold_13,False
robust_q25,25th percentile validation Sharpe with turnover and drawdown penalties.,1.6287916282800428,2.5514848891586217,0.25,16.725806451612904,-0.04320146914896683,-0.3001804143962798,2.759191162264651,3,1,3,2.835357770235813,-1.0713063667794533,-5.355616396319551,-0.1165135292237317,16.21311475409836,3,3,base_macro_exogenous_plus,calendar_exogenous,False,Baseline technical and macro features plus event/calendar exogenous features.,fold_13,False
robust_q25_retention,25th percentile validation Sharpe with retention/generalization uplift and turnover/max-drawdown penalties.,3.784329815573885,3.776571458858049,0.25,9.67741935483871,-0.03451269371437604,-0.2609163534794725,4.172558668375947,3,1,3,4.251266296170514,-1.1092248996669938,-4.837034360780324,-0.12240130267991622,10.704918032786885,3,3,base_macro_gru,negative_control_gru,True,GRU-enhanced feature set treated as a negative control.,fold_13,True
robust_q25_retention,25th percentile validation Sharpe with retention/generalization uplift and turnover/max-drawdown penalties.,3.0745067655308125,3.336311190788932,0.25,12.903225806451612,-0.05082795197283485,-0.12562305272596636,3.442790214610818,3,1,3,3.671156007985256,-0.4611818247563799,-2.2109092732292,-0.088378411785896,13.049180327868852,3,3,base,technical_base,False,"Prices, returns, and baseline technical risk features.",fold_13,False
robust_q25_retention,25th percentile validation Sharpe with retention/generalization uplift and turnover/max-drawdown penalties.,2.9821628102963174,3.0352917416932286,0.25,9.67741935483871,-0.0444633916815107,-0.027277739937594914,3.5099216979496313,3,1,3,3.3631403481649893,-0.0983525046531334,-0.7272242903816117,-0.09360983529752198,9.836065573770492,3,3,base_macro,macro_context,False,Baseline technical features plus macro context.,fold_13,False
robust_q25_retention,25th percentile validation Sharpe with retention/generalization uplift and turnover/max-drawdown penalties.,2.7836239457086434,2.880365010725999,0.25,9.693548387096774,-0.052069440946760026,-0.24641336751472434,3.691190520731229,3,1,3,2.912361553458459,-1.0459532548803037,-5.1249412712859765,-0.11208069170455903,9.836065573770492,3,3,base_macro_hmm,negative_control_hmm,True,HMM-enhanced feature set treated as a negative control.,fold_13,False
robust_q25_retention,25th percentile validation Sharpe with retention/generalization uplift and turnover/max-drawdown penalties.,1.9676251990206706,2.5514848891586217,0.25,16.725806451612904,-0.04320146914896683,-0.3001804143962798,2.759191162264651,3,1,3,2.835357770235813,-1.0713063667794533,-5.355616396319551,-0.1165135292237317,16.21311475409836,3,3,base_macro_exogenous_plus,calendar_exogenous,False,Baseline technical and macro features plus event/calendar exogenous features.,fold_13,False
sharpe_only,Baseline rule: median validation Sharpe only.,-1.150732715255342,-1.150732715255342,0.5,9.080645161290322,-0.1313977014771327,0.9169461150580339,-1.3381298205887147,3,1,3,-1.150732715255342,-1.0551598927235686,-4.649674248763624,-0.12972624121443366,11.26984126984127,3,3,base,technical_base,False,"Prices, returns, and baseline technical risk features.",fold_14,True
sharpe_only,Baseline rule: median validation Sharpe only.,-1.611188547581493,-1.611188547581493,0.5,11.306451612903226,-0.14774399176054775,0.8100608815754105,-1.8489676770862848,3,1,3,-1.611188547581493,-1.2951760017931737,-5.648259628674279,-0.15253749044876985,11.11111111111111,3,3,base_macro_hmm,negative_control_hmm,True,HMM-enhanced feature set treated as a negative control.,fold_14,False
sharpe_only,Baseline rule: median validation Sharpe only.,-1.6548666654592488,-1.6548666654592488,0.5,10.879032258064516,-0.13783380922855992,0.4520942933805799,-1.6220908549209403,3,1,3,-1.6548666654592488,-0.753326261663642,-4.019408790785928,-0.14699242508496024,10.682539682539682,3,3,base_macro,macro_context,False,Baseline technical features plus macro context.,fold_14,False
sharpe_only,Baseline rule: median validation Sharpe only.,-1.6621872958873423,-1.6621872958873423,0.5,8.064516129032258,-0.14921469123575848,0.4327042837371483,-1.5798112132079454,3,1,3,-1.6621872958873423,-0.7754964194048269,-4.02838136645599,-0.14116952804574667,7.936507936507937,3,3,base_macro_exogenous_plus,calendar_exogenous,False,Baseline technical and macro features plus event/calendar exogenous features.,fold_14,False
sharpe_only,Baseline rule: median validation Sharpe only.,-1.720699709298139,-1.720699709298139,0.5,12.516129032258064,-0.1393672010428948,0.6589928591328515,-1.8826026090942765,3,1,3,-1.720699709298139,-1.1339288211394472,-5.41930953051909,-0.15718813887815686,12.492063492063492,3,3,base_macro_gru,negative_control_gru,True,GRU-enhanced feature set treated as a negative control.,fold_14,False
robust_q25,25th percentile validation Sharpe with turnover and drawdown penalties.,-2.1254099344238195,-1.4085822734050377,0.25,9.080645161290322,-0.1313977014771327,0.9169461150580339,-1.3381298205887147,3,1,3,-1.150732715255342,-1.0551598927235686,-4.649674248763624,-0.12972624121443366,11.26984126984127,3,3,base,technical_base,False,"Prices, returns, and baseline technical risk features.",fold_14,True
robust_q25,25th percentile validation Sharpe with turnover and drawdown penalties.,-2.428853230272705,-1.7271980413495753,0.25,8.064516129032258,-0.14921469123575848,0.4327042837371483,-1.5798112132079454,3,1,3,-1.6621872958873423,-0.7754964194048269,-4.02838136645599,-0.14116952804574667,7.936507936507937,3,3,base_macro_exogenous_plus,calendar_exogenous,False,Baseline technical and macro features plus event/calendar exogenous features.,fold_14,False
robust_q25,25th percentile validation Sharpe with turnover and drawdown penalties.,-2.51402993207883,-1.694410700718484,0.25,10.879032258064516,-0.13783380922855992,0.4520942933805799,-1.6220908549209403,3,1,3,-1.6548666654592488,-0.753326261663642,-4.019408790785928,-0.14699242508496024,10.682539682539682,3,3,base_macro,macro_context,False,Baseline technical features plus macro context.,fold_14,False
robust_q25,25th percentile validation Sharpe with turnover and drawdown penalties.,-2.5827169328278803,-1.7219063686616234,0.25,11.306451612903226,-0.14774399176054775,0.8100608815754105,-1.8489676770862848,3,1,3,-1.611188547581493,-1.2951760017931737,-5.648259628674279,-0.15253749044876985,11.11111111111111,3,3,base_macro_hmm,negative_control_hmm,True,HMM-enhanced feature set treated as a negative control.,fold_14,False
robust_q25,25th percentile validation Sharpe with turnover and drawdown penalties.,-2.6979541338197253,-1.7934132801210325,0.25,12.516129032258064,-0.1393672010428948,0.6589928591328515,-1.8826026090942765,3,1,3,-1.720699709298139,-1.1339288211394472,-5.41930953051909,-0.15718813887815686,12.492063492063492,3,3,base_macro_gru,negative_control_gru,True,GRU-enhanced feature set treated as a negative control.,fold_14,False
robust_q25_retention,25th percentile validation Sharpe with retention/generalization uplift and turnover/max-drawdown penalties.,-2.096892878747618,-1.4085822734050377,0.25,9.080645161290322,-0.1313977014771327,0.9169461150580339,-1.3381298205887147,3,1,3,-1.150732715255342,-1.0551598927235686,-4.649674248763624,-0.12972624121443366,11.26984126984127,3,3,base,technical_base,False,"Prices, returns, and baseline technical risk features.",fold_14,True
robust_q25_retention,25th percentile validation Sharpe with retention/generalization uplift and turnover/max-drawdown penalties.,-2.55764884131961,-1.7271980413495753,0.25,8.064516129032258,-0.14921469123575848,0.4327042837371483,-1.5798112132079454,3,1,3,-1.6621872958873423,-0.7754964194048269,-4.02838136645599,-0.14116952804574667,7.936507936507937,3,3,base_macro_exogenous_plus,calendar_exogenous,False,Baseline technical and macro features plus event/calendar exogenous features.,fold_14,False
robust_q25_retention,25th percentile validation Sharpe with retention/generalization uplift and turnover/max-drawdown penalties.,-2.6443199869718255,-1.694410700718484,0.25,10.879032258064516,-0.13783380922855992,0.4520942933805799,-1.6220908549209403,3,1,3,-1.6548666654592488,-0.753326261663642,-4.019408790785928,-0.14699242508496024,10.682539682539682,3,3,base_macro,macro_context,False,Baseline technical features plus macro context.,fold_14,False
robust_q25_retention,25th percentile validation Sharpe with retention/generalization uplift and turnover/max-drawdown penalties.,-2.65754686399697,-1.7219063686616234,0.25,11.306451612903226,-0.14774399176054775,0.8100608815754105,-1.8489676770862848,3,1,3,-1.611188547581493,-1.2951760017931737,-5.648259628674279,-0.15253749044876985,11.11111111111111,3,3,base_macro_hmm,negative_control_hmm,True,HMM-enhanced feature set treated as a negative control.,fold_14,False
robust_q25_retention,25th percentile validation Sharpe with retention/generalization uplift and turnover/max-drawdown penalties.,-2.815596310400654,-1.7934132801210325,0.25,12.516129032258064,-0.1393672010428948,0.6589928591328515,-1.8826026090942765,3,1,3,-1.720699709298139,-1.1339288211394472,-5.41930953051909,-0.15718813887815686,12.492063492063492,3,3,base_macro_gru,negative_control_gru,True,GRU-enhanced feature set treated as a negative control.,fold_14,False
